ID,Typ,Label,LV_Jahr,Geschlecht,Wohnort,Region_BW,Berufsfeld_1,Berufsfeld_2,Engagement_Inklusion,Engagement_International,Engagement_Ehrenamt,Org_Typ,Org_Ebene,Org_Sektor
aakhtar,1,Asifa Akhtar,2026,w,Freiburg im Breisgau,Sued,Wissenschaft,keine,ja,ja,nein,NA,NA,NA
mbarth,1,Marika Barth,2026,w,Stuttgart,Mitte,Zivil_NGO,keine,ja,ja,ja,NA,NA,NA
sbarth,1,Stefan Barth,2026,m,Stuttgart,Mitte,Zivil_NGO,keine,ja,ja,ja,NA,NA,NA
scornelius,1,Steffi Cornelius,2026,w,Beuren,Mitte,Museum,keine,nein,nein,ja,NA,NA,NA
ngaelle,1,Norbert Gaelle,2026,m,Vogt,Ost,Musik,keine,nein,ja,ja,NA,NA,NA
tgoenner,1,Tanja Goenner,2026,w,Bingen,Mitte,Politik,Zivil_NGO,ja,ja,ja,NA,NA,NA
whartmann,1,Walter Hartmann,2026,m,Filderstadt,Mitte,Wissenschaft,keine,nein,nein,ja,NA,NA,NA
ahelfrich,1,Anke Helfrich,2026,w,Weinheim,Nord,Musik,keine,ja,ja,ja,NA,NA,NA
thitzlsperger,1,Thomas Hitzlsperger,2026,m,Muenchen,ausserhalb BW,Sport,keine,ja,nein,ja,NA,NA,NA
mhuber,1,Monika Huber,2026,w,Achern,Sued,Zivil_NGO,keine,ja,nein,ja,NA,NA,NA
nkappel,1,Niko Kappel,2026,m,Waiblingen,Mitte,Sport,Zivil_NGO,ja,ja,ja,NA,NA,NA
fwkeller,1,Friedrich Walter Keller,2026,m,Vogtsburg im Kaiserstuhl,Sued,Wirtschaft,Sport,nein,nein,ja,NA,NA,NA
akoktsidou,1,Anna Koktsidou,2026,w,Stuttgart,Mitte,Medien,Zivil_NGO,ja,ja,ja,NA,NA,NA
dkuhn,1,Dominik Kuhn,2026,m,Reutlingen,Mitte,Musik,keine,nein,nein,ja,NA,NA,NA
pkurz,1,Peter Kurz,2026,m,Mannheim,Nord,Politik,keine,nein,ja,ja,NA,NA,NA
npmalek,1,Nisar Peter Malek,2026,m,Tuebingen,Mitte,Wissenschaft,keine,nein,ja,nein,NA,NA,NA
fpmastiaux,1,Frank Peter Mastiaux,2026,m,Stuttgart,Mitte,Wirtschaft,keine,nein,nein,nein,NA,NA,NA
emenzerhaasis,1,Elvira Menzer-Haasis,2026,w,Albstadt,Ost,Sport,keine,ja,nein,ja,NA,NA,NA
kmrueckert,1,Klaus Michael Rueckert,2026,m,Loßburg,West,Politik,keine,nein,nein,ja,NA,NA,NA
wscheidtweiler,1,Wolfgang Scheidtweiler,2026,m,Pforzheim,Nord,Wirtschaft,Museum,nein,nein,ja,NA,NA,NA
vschiltenwolf,1,Verena Schiltenwolf,2026,w,Reichenbach an der Fils,Mitte,Natur,keine,nein,nein,ja,NA,NA,NA
kschmalz,1,Kurt Schmalz,2026,m,Dornstetten,West,Wirtschaft,Zivil_NGO,nein,nein,ja,NA,NA,NA
wschmalz,1,Wolfgang Schmalz,2026,m,Dornstetten,West,Wirtschaft,Natur,nein,ja,ja,NA,NA,NA
vstoertzenbach,1,Veronika Stoertzenbach,2026,w,Stuttgart,Mitte,Musik,keine,nein,nein,ja,NA,NA,NA
itress,1,Ingeborg Tress,2026,w,Hayingen,Ost,Wirtschaft,Natur,nein,nein,ja,NA,NA,NA
funtersteller,1,Franz Untersteller,2026,m,Nuertingen,Mitte,Politik,Natur,nein,ja,ja,NA,NA,NA
fvogel,1,Friedemann Vogel,2026,m,Stuttgart,Mitte,Tanz,keine,nein,ja,ja,NA,NA,NA
rarnold1,1,Roland Arnold,2025,m,Pfronstetten,Ost,Wirtschaft,keine,ja,ja,ja,NA,NA,NA
aassmann,1,Aleida Assmann,2025,w,Konstanz,Sued,Wissenschaft,Kultur,ja,ja,nein,NA,NA,NA
abraun,1,Andreas Braun,2025,m,Neustetten,Mitte,Politik,Zivil_NGO,ja,nein,ja,NA,NA,NA
ebraun,1,Elmar Braun,2025,m,Maselheim,Ost,Politik,Wirtschaft,nein,ja,ja,NA,NA,NA
rbuehler,1,Rudolf Buehler,2025,m,Wolpertshausen,Nord,Landwirtschaft,Natur,nein,nein,ja,NA,NA,NA
sdommerkroneberg,1,Sylvia Dommer-Kroneberg,2025,w,Stuttgart,Mitte,Wirtschaft,keine,ja,nein,ja,NA,NA,NA
afath,1,Andreas Fath,2025,m,Haslach im Kinzigtal,Sued,Wissenschaft,Sport,nein,nein,ja,NA,NA,NA
lfederle,1,Lisa Federle,2025,w,Tuebingen,Mitte,Gesundheit,Zivil_NGO,ja,nein,ja,NA,NA,NA
wfeess,1,Walter Feeß,2025,m,Kirchheim unter Teck,Mitte,Wirtschaft,Natur,nein,nein,nein,NA,NA,NA
rgall,1,Reinhold Gall,2025,m,Obersulm,Nord,Politik,keine,nein,nein,ja,NA,NA,NA
eheimes,1,Ernst Heimes,2025,m,Rottenburg am Neckar,Mitte,Sozialpaedagokik,keine,ja,nein,ja,NA,NA,NA
jhennig,1,Juergen Hennig,2025,m,Freiburg im Breisgau,Sued,Wissenschaft,Gesundheit,nein,ja,ja,NA,NA,NA
skekilli,1,Sibel Kekilli,2025,w,Hamburg,ausserhalb BW,Kultur,Zivil_NGO,ja,ja,ja,NA,NA,NA
mlinckh,1,Marie-Luise Linckh,2025,w,Vaihingen an der Enz,Mitte,Zivil_NGO,Landwirtschaft,ja,nein,ja,NA,NA,NA
amayer,1,Axel Mayer,2025,m,Endingen am Kaiserstuhl,Sued,Natur,Politik,nein,nein,ja,NA,NA,NA
tmerckle,1,Tobias Merckle,2025,m,Leonberg,Mitte,Sozialpaedagokik,Zivil_NGO,ja,ja,ja,NA,NA,NA
hpfau,1,Harry Pfau,2025,m,Stuttgart,Mitte,Zivil_NGO,keine,ja,nein,ja,NA,NA,NA
kschirdewahn,1,Klaus Schirdewahn,2025,m,Mannheim,Nord,keine,keine,ja,nein,ja,NA,NA,NA
nschmid,1,Nils Schmid,2025,m,Reutlingen,Mitte,Recht,Politik,ja,nein,ja,NA,NA,NA
fschmidt,1,Frank Schmidt,2025,m,Bachhagel,Ost,Sport,keine,nein,nein,ja,NA,NA,NA
sspeidel,1,Sontraud Speidel,2025,w,Karlsruhe,Nord,Musik,keine,ja,ja,ja,NA,NA,NA
ustaerk,1,Ursula Staerk,2025,w,Karlsruhe,Nord,Zivil_NGO,Sozialpaedagokik,nein,nein,ja,NA,NA,NA
mwahl,1,Martha Wahl,2025,w,Bad Schussenried,Ost,Gesundheit,keine,nein,nein,ja,NA,NA,NA
hwethhaebel,1,Hans-Ulrich Weth-Haebel,2025,m,Tuebingen,Mitte,Recht,Bildung,ja,nein,ja,NA,NA,NA
galdinger,1,Gert Joachim Aldinger,2024,m,Fellbach,Mitte,Wirtschaft,Natur,nein,nein,ja,NA,NA,NA
aarneth,1,Almut Arneth,2024,w,Garmisch-Partenkirchen,ausserhalb BW,Wissenschaft,Natur,nein,ja,ja,NA,NA,NA
ebaur,1,Edmund Baur,2024,m,Winnenden,Mitte,Zivil_NGO,keine,ja,ja,ja,NA,NA,NA
bbernadotte,1,Bettina Bernadotte af Wisborg,2024,w,Konstanz,Sued,Wirtschaft,Wissenschaft,nein,ja,ja,NA,NA,NA
rberner,1,Rotraut Susanne Berner,2024,w,Muenchen,ausserhalb BW,Kultur,Medien,nein,nein,ja,NA,NA,NA
sblattmann,1,Sonja Blattmann,2024,w,Kandern,Sued,Zivil_NGO,Musik,nein,nein,nein,NA,NA,NA
kderks,1,Karin Derks,2024,w,Kandern,Sued,Kultur,Zivil_NGO,nein,nein,nein,NA,NA,NA
ucress,1,Ulrike Cress,2024,w,Stuttgart,Mitte,Wissenschaft,keine,nein,ja,ja,NA,NA,NA
weschelbach,1,Waltraud Eschelbach,2024,w,Mannheim,Nord,Zivil_NGO,keine,nein,nein,ja,NA,NA,NA
wfaisst,1,Wolfgang Faißt,2024,m,Renningen,Mitte,Politik,Zivil_NGO,nein,nein,ja,NA,NA,NA
mfurtwaengler,1,Maria Furtwaengler,2024,w,Muenchen,ausserhalb BW,Kultur,Zivil_NGO,ja,ja,ja,NA,NA,NA
mginter,1,Matthias Ginter,2024,m,Merzhausen,Sued,Sport,Zivil_NGO,ja,ja,ja,NA,NA,NA
wknubben,1,Werner Knubben,2024,m,Sigmaringen,Ost,Zivil_NGO,Politik,nein,nein,ja,NA,NA,NA
pmaar,1,Paul Maar,2024,m,Bamberg,ausserhalb BW,Kultur,keine,nein,nein,nein,NA,NA,NA
eoehler,1,Egon Oehler,2024,m,Bad Saulgau,Ost,Landwirtschaft,Zivil_NGO,nein,nein,ja,NA,NA,NA
erieger,1,Ernst Rieger,2024,m,Blaufelden,Nord,Landwirtschaft,Natur,nein,nein,nein,NA,NA,NA
kschellenberg,1,Kurt Schellenberg,2024,m,Rottweil,West,Infrastruktur,Politik,nein,ja,ja,NA,NA,NA
eschrade,1,Ewald Schrade,2024,m,Ehingen,Ost,Kultur,keine,nein,nein,nein,NA,NA,NA
vschwender,1,Volker Schwender,2024,m,Buchen (Odenwald),Nord,Zivil_NGO,Tanz,ja,ja,ja,NA,NA,NA
gsidrassiharth,1,Gudrun Sidrassi-Harth,2024,w,Heidelberg,Nord,Zivil_NGO,keine,nein,ja,ja,NA,NA,NA
cstadelhofer,1,Carmen Stadelhofer,2024,w,Ulm,Ost,Sozialpaedagokik,Zivil_NGO,ja,ja,ja,NA,NA,NA
sstanisic,1,Saša Stanišić,2024,m,Hamburg,ausserhalb BW,Kultur,keine,nein,ja,ja,NA,NA,NA
rarnold2,1,Richard Arnold,2023,m,Schwaebisch Gmuend,Ost,Zivil_NGO,keine,ja,ja,ja,NA,NA,NA
udahmen,1,Udo Dahmen,2023,m,Mannheim,Nord,Musik,keine,nein,nein,nein,NA,NA,NA
hwandjo,1,Hubert Wandjo,2023,m,Kronberg im Taunus,ausserhalb BW,Musik,Zivil_NGO,nein,nein,ja,NA,NA,NA
egebhardt,1,Evelyne Gebhardt,2023,w,Schwaebisch Hall,Nord,Politik,Zivil_NGO,ja,ja,ja,NA,NA,NA
kgernbauer,1,Karolina Gernbauer,2023,w,Muenchen,ausserhalb BW,Recht,Politik,ja,ja,nein,NA,NA,NA
ugoll,1,Ulrich Goll,2023,m,Bodman-Ludwigshafen,Sued,Politik,Zivil_NGO,ja,nein,ja,NA,NA,NA
agruslak,1,Alexander Gruslak,2023,m,Fellbach,Mitte,Zivil_NGO,keine,ja,ja,ja,NA,NA,NA
whansch,1,Wolfgang Hansch,2023,m,Flein,Nord,Wissenschaft,Kultur,ja,nein,nein,NA,NA,NA
hkatus,1,Hugo Katus,2023,m,Heidelberg,Nord,Gesundheit,Wissenschaft,nein,nein,nein,NA,NA,NA
hpkeller,1,Hans Peter Keller,2023,m,Kressbronn am Bodensee,Sued,Kultur,keine,ja,nein,ja,NA,NA,NA
smairhuydts,1,Stephanie Mair-Huydts,2023,w,Ostfildern,Mitte,Wirtschaft,Wissenschaft,ja,ja,ja,NA,NA,NA
fpitzal,1,Franz Pitzal,2023,m,Renningen,Mitte,Zivil_NGO,keine,ja,nein,ja,NA,NA,NA
trehberger,1,Tobias Rehberger,2023,m,Frankfurt am Main,ausserhalb BW,Kultur,keine,nein,ja,ja,NA,NA,NA
gschmidtke,1,Gerhard Schmidtke,2023,m,Freiburg im Breisgau,Sued,Wissenschaft,Zivil_NGO,ja,ja,ja,NA,NA,NA
hseidellerch,1,Hedwig Seidel-Lerch,2023,w,Leutkirch im Allgaeu,Ost,Zivil_NGO,keine,ja,nein,ja,NA,NA,NA
esitzmann,1,Edith Sitzmann,2023,w,Freiburg im Breisgau,Sued,Politik,keine,nein,nein,ja,NA,NA,NA
uspetzger,1,Uwe Spetzger,2023,m,Karlsruhe,Nord,Gesundheit,Wissenschaft,nein,ja,ja,NA,NA,NA
nstockhause,1,Natja Stockhause,2023,w,Kornwestheim,Mitte,Zivil_NGO,Sport,ja,nein,ja,NA,NA,NA
gtschira,1,Gerda Tschira,2023,w,Heidelberg,Nord,Wissenschaft,Zivil_NGO,nein,nein,ja,NA,NA,NA
htschuch,1,Hans-Gerd Tschuch,2023,m,Linkenheim-Hochstetten,Nord,Natur,keine,nein,nein,ja,NA,NA,NA
awidmannmauz,1,Annette Widmann-Mauz,2023,w,Balingen,Ost,Politik,Zivil_NGO,nein,nein,ja,NA,NA,NA
bbraun,1,Birgit Braun,2022,w,Moeglingen,Mitte,Natur,Wissenschaft,nein,ja,nein,NA,NA,NA
hbreuninger,1,Helga Breuninger,2022,w,Ketzin/Havel,ausserhalb BW,Zivil_NGO,Kultur,ja,nein,ja,NA,NA,NA
gcremer,1,Georg Cremer,2022,m,Merzhausen,Sued,Politik,Wissenschaft,nein,ja,nein,NA,NA,NA
cfuchs,1,Christa Fuchs,2022,w,Argenbuehl,Ost,Landwirtschaft,Politik,nein,nein,ja,NA,NA,NA
ugroos,1,Ulrike Groos,2022,w,Stuttgart,Mitte,Museum,Wissenschaft,ja,nein,nein,NA,NA,NA
fgurrhirsch,1,Friedlinde Gurr-Hirsch,2022,w,Untergruppenbach,Nord,Politik,Landwirtschaft,ja,nein,ja,NA,NA,NA
phaag,1,Patrick Haag,2022,m,Schwarzach,West,Infrastruktur,Kultur,nein,nein,ja,NA,NA,NA
hhaas,1,Hubert Haas,2022,m,Schramberg,West,Gesundheit,Politik,nein,nein,ja,NA,NA,NA
bstaudacher,1,Barbara Staudacher,2022,w,Horb am Neckar,West,Wissenschaft,Museum,nein,ja,nein,NA,NA,NA
hhoegerle,1,Heinz Hoegerle,2022,m,Horb am Neckar,West,Wissenschaft,Museum,nein,ja,nein,NA,NA,NA
mhoerrmann,1,Michael Hoerrmann,2022,m,Karlsruhe,Nord,Kultur,Natur,nein,nein,ja,NA,NA,NA
rkehle,1,Roger Kehle,2022,m,Weilheim an der Teck,Mitte,Infrastruktur,Politik,nein,ja,nein,NA,NA,NA
mkhan,1,Marco-Sharif Khan,2022,m,Lahr,Sued,Musik,Sozialpaedagokik,ja,nein,ja,NA,NA,NA
lkrusegraumann,1,Lenelis Kruse-Graumann,2022,w,Lobbach,Nord,Wissenschaft,Natur,nein,nein,ja,NA,NA,NA
klichy,1,Katrin Lichy,2022,w,Ludwigsburg,Mitte,Gesundheit,keine,nein,nein,nein,NA,NA,NA
areineckeeckardt,1,Angie Reinecke-Eckardt,2022,w,Aalen-Unterkochen,Ost,Zivil_NGO,Politik,nein,nein,ja,NA,NA,NA
aritter,1,Alfred Ritter,2022,m,Ettlingen,Nord,Wirtschaft,Natur,nein,ja,nein,NA,NA,NA
rsing,1,Roland Sing,2022,m,Leinfelden-Echterdingen,Mitte,Politik,Gesundheit,ja,nein,nein,NA,NA,NA
pwestrich,1,Paul Westrich,2022,m,Kusterdingen,Mitte,Natur,Wirtschaft,nein,nein,nein,NA,NA,NA
mwonnay,1,Marianne Wonnay,2022,w,Emmendingen,Sued,Politik,Sozialpaedagokik,ja,nein,ja,NA,NA,NA
rboehmler,1,Rudolf Boehmler,2021,m,Schwaebisch Gmuend,Ost,Politik,keine,nein,ja,ja,NA,NA,NA
jcorneliusbundschuh,1,Jochen Cornelius-Bundschuh,2021,m,Karlsruhe,Nord,Zivil_NGO,keine,ja,ja,ja,NA,NA,NA
gerler2,1,Gisela Erler,2021,w,Berlin,ausserhalb BW,Politik,Zivil_NGO,ja,ja,ja,NA,NA,NA
mgroeger,1,Mercedes Groeger,2021,w,Stuttgart,Mitte,Zivil_NGO,keine,nein,nein,ja,NA,NA,NA
akhahn,1,Anna Katharina Hahn,2021,w,Stuttgart,Mitte,Literatur,keine,nein,nein,nein,NA,NA,NA
ghaerle,1,Gottfried Haerle,2021,m,Leutkirch im Allgaeu,Ost,Wirtschaft,Natur,ja,nein,ja,NA,NA,NA
ehetger,1,Erwin Hetger,2021,m,Stuttgart,Mitte,Politik,Zivil_NGO,nein,ja,ja,NA,NA,NA
ekoehne,1,Eckart Koehne,2021,m,Karlsruhe,Nord,Museum,keine,nein,nein,ja,NA,NA,NA
khmeierbaun,1,Karl-Heinz Meier-Braun,2021,m,Ostfildern,Mitte,Medien,Wissenschaft,ja,ja,ja,NA,NA,NA
kmurawski,1,Klaus-Peter Murawski,2021,m,Stuttgart,Mitte,Politik,keine,nein,nein,nein,NA,NA,NA
cobergfoell,1,Christina Obergfoell,2021,w,Hohberg,Sued,Sport,Zivil_NGO,ja,nein,ja,NA,NA,NA
coezdemir,1,Cem Özdemir,2021,m,Berlin,ausserhalb BW,Politik,keine,ja,ja,ja,NA,NA,NA
araff,1,Albert Raff,2021,m,Stuttgart,Mitte,Wissenschaft,keine,nein,nein,ja,NA,NA,NA
tschnabel,1,Thomas Schnabel,2021,m,Heilbronn,Nord,Museum,keine,nein,nein,ja,NA,NA,NA
gschneider,1,Gisela Schneider,2021,w,Tuebingen,Mitte,Zivil_NGO,keine,nein,ja,ja,NA,NA,NA
bschoelkopf,1,Bernhard Schoelkopf,2021,m,Tuebingen,Mitte,Wissenschaft,keine,nein,ja,nein,NA,NA,NA
iteipelke,1,Ilse Teipelke,2021,w,Kehl,Sued,Musik,Zivil_NGO,ja,nein,ja,NA,NA,NA
curspruch,1,Christine Urspruch,2021,w,Wangen im Allgaeu,Ost,Tanz,Zivil_NGO,nein,nein,ja,NA,NA,NA
uvogt,1,Ute Vogt,2021,w,Stuttgart,Mitte,Politik,Zivil_NGO,nein,nein,ja,NA,NA,NA
bvoesteralber,1,Brigitte Voester-Alber,2021,w,Stuttgart,Mitte,Wirtschaft,Museum,nein,nein,ja,NA,NA,NA
rwehrle,1,Roland Wehrle,2021,m,Furtwangen im Schwarzwald,Sued,Zivil_NGO,keine,nein,nein,ja,NA,NA,NA
erwiehn,1,Erhard Roy Wiehn,2021,m,Konstanz,Sued,Wissenschaft,Zivil_NGO,ja,ja,ja,NA,NA,NA
rwieland,1,Rainer Wieland,2021,m,Gerlingen,Mitte,Politik,keine,nein,ja,ja,NA,NA,NA
hnanz,1,Helmut Nanz,2020,m,Stuttgart,Mitte,Wirtschaft,Zivil_NGO,nein,ja,ja,NA,NA,NA
kalex,1,Kenneth Alex,2020,m,Berkeley/USA,ausserhalb BW,Politik,Natur,nein,ja,ja,NA,NA,NA
fbaum,1,Frank Baum,2020,m,Staufen im Breisgau,Sued,Natur,keine,nein,nein,ja,NA,NA,NA
cbierlmeier,1,Cornelia Bierlmeier,2020,w,Hechingen,Ost,Zivil_NGO,keine,ja,ja,ja,NA,NA,NA
aclesle,1,Axel Clesle,2020,m,Stuttgart,Mitte,Theater,keine,ja,ja,ja,NA,NA,NA
idecastro,1,Inés de Castro,2020,w,Stuttgart,Mitte,Museum,keine,nein,ja,nein,NA,NA,NA
hfranke,1,Heinz Franke,2020,m,Backnang,Nord,Zivil_NGO,Politik,nein,nein,ja,NA,NA,NA
igraessle,1,Inge Graeßle,2020,w,Heidenheim,Ost,Politik,keine,nein,ja,ja,NA,NA,NA
tguldimann,1,Tim Guldimann,2020,m,Berlin,ausserhalb BW,Politik,keine,nein,ja,ja,NA,NA,NA
rkarcher,1,Rosa Karcher,2020,w,Achern-Oberachern,Sued,Zivil_NGO,keine,nein,nein,ja,NA,NA,NA
jklopp,1,Juergen Klopp,2020,m,Liverpool/Großbritannien,ausserhalb BW,Sport,keine,nein,ja,ja,NA,NA,NA
mkrautter,1,Manfred Krautter,2020,m,Pluederhausen,Mitte,Wissenschaft,Natur,nein,ja,ja,NA,NA,NA
nleone,1,Nimet Leone,2020,w,Kornwestheim,Mitte,Zivil_NGO,keine,ja,nein,ja,NA,NA,NA
mlieb,1,Matthias Lieb,2020,m,Muehlacker,Nord,Zivil_NGO,keine,nein,nein,ja,NA,NA,NA
cniemeyer,1,Charlotte Niemeyer,2020,w,Freiburg im Breisgau,Sued,Wissenschaft,keine,nein,ja,ja,NA,NA,NA
hrampp,1,Heidelore Rampp,2020,w,Stuttgart,Mitte,Zivil_NGO,keine,nein,nein,ja,NA,NA,NA
pschobel,1,Paul Schobel,2020,m,Boeblingen,Mitte,Zivil_NGO,keine,nein,nein,ja,NA,NA,NA
fstaebler,1,Frank Staebler,2020,m,Leinfelden-Echterdingen,Mitte,Sport,keine,nein,nein,ja,NA,NA,NA
rsteegmann,1,Robert Steegmann,2020,m,Strasbourg,ausserhalb BW,Wissenschaft,keine,nein,ja,ja,NA,NA,NA
cstreich,1,Christian Streich,2020,m,Freiburg im Breisgau,Sued,Sport,keine,nein,nein,ja,NA,NA,NA
itoroek,1,Imre Toeroek,2020,m,Leutkirch im Allgaeu,Ost,Kultur,keine,ja,nein,ja,NA,NA,NA
mwikelski,1,Martin Wikelski,2020,m,Konstanz,Sued,Wissenschaft,keine,nein,ja,ja,NA,NA,NA
nwoerner,1,Natalia Woerner,2020,w,Berlin,ausserhalb BW,Tanz,keine,nein,nein,ja,NA,NA,NA
wzoller,1,Wolfram Zoller,2020,m,Stuttgart,Mitte,Wissenschaft,keine,nein,ja,nein,NA,NA,NA
gerler1,1,Gernot Erler,2019,m,Freiburg im Breisgau,Sued,Politik,Wissenschaft,nein,ja,nein,NA,NA,NA
cewigleben,1,Cornelia Ewigleben,2019,w,Karlsruhe,West,Museum,Wissenschaft,nein,ja,nein,NA,NA,NA
mfeierlingrombach,1,Martina Feierling-Rombach,2019,w,Freiburg im Breisgau,Sued,Wirtschaft,Politik,nein,ja,nein,NA,NA,NA
phoffmann,1,Pavel Hoffmann,2019,m,Reutlingen,Mitte,Kultur,Wissenschaft,nein,nein,ja,NA,NA,NA
fhuby,1,Felix Huby,2019,m,Berlin,ausserhalb BW,Medien,Kultur,nein,nein,nein,NA,NA,NA
uluettich,1,Uta Luettich,2019,w,Stuttgart,Mitte,Zivil_NGO,Kultur,nein,ja,ja,NA,NA,NA
wmaier,1,Waltraut Maier,2019,w,Fellbach,Mitte,Sozialpaedagokik,keine,ja,ja,nein,NA,NA,NA
wmelzer,1,Wolf Ekkehard Melzer,2019,m,Heidelberg,Nord,Sozialpaedagokik,keine,nein,nein,ja,NA,NA,NA
pneher,1,Peter Neher,2019,m,Freiburg im Breisgau,Sued,Zivil_NGO,Gesundheit,ja,ja,ja,NA,NA,NA
orenn,1,Ortwin Renn,2019,m,Potsdam,ausserhalb BW,Wissenschaft,Politik,nein,nein,nein,NA,NA,NA
hruehle,1,Heide Ruehle,2019,w,Stuttgart,Mitte,Politik,Natur,nein,ja,nein,NA,NA,NA
jschaut,1,Josef Schaut,2019,m,Fronreute,Sued,Kultur,Sozialpaedagokik,nein,ja,ja,NA,NA,NA
hschwenninger,1,Hans Richard Schwenninger,2019,m,Stuttgart,Mitte,Wissenschaft,Natur,nein,ja,ja,NA,NA,NA
gstratthaus,1,Gerhard Stratthaus,2019,m,Bruehl,Nord,Politik,Wirtschaft,nein,ja,nein,NA,NA,NA
gwerner,1,Goetz Wolfgang Werner,2019,m,Stuttgart,Mitte,Wirtschaft,Wissenschaft,nein,nein,nein,NA,NA,NA
mwittenstein,1,Manfred Wittenstein,2019,m,Bad Mergentheim,Nord,Wissenschaft,Wirtschaft,nein,nein,nein,NA,NA,NA
bbosch,1,Barbara Bosch,2019,w,Reutlingen,Mitte,Politik,Kultur,nein,nein,nein,NA,NA,NA
ebrenner,1,Edmund Brenner,2019,m,Bad Mergentheim,Nord,Wirtschaft,keine,nein,nein,ja,NA,NA,NA
kallgoewer,1,Karl Allgoewer,2018,m,Gingen an der Fils,West,Sport,keine,ja,nein,ja,NA,NA,NA
bbaumeister,1,Benno Baumeister,2018,m,Westerheim/Bujumba (Burundi),Ost,Zivil_NGO,keine,ja,ja,ja,NA,NA,NA
ebreckwoldt,1,Ellen Breckwoldt,2018,m,Freiburg im Breisgau,Sued,Zivil_NGO,Politik,ja,ja,ja,NA,NA,NA
udietz,1,Ulrich Dietz,2018,m,Stuttgart,Mitte,Wirtschaft,keine,nein,ja,ja,NA,NA,NA
kafischer,1,Klaus Artur Fischer,2018,m,Waldachtal,Mitte,Wirtschaft,Wissenschaft,nein,ja,ja,NA,NA,NA
efreund,1,Ulrike Freund,2018,w,Ulm,Sued,Wirtschaft,Zivil_NGO,ja,nein,ja,NA,NA,NA
whacke,1,Werner Hacke,2018,m,Mannheim,Nord,Wissenschaft,Gesundheit,nein,ja,nein,NA,NA,NA
mholtmann,1,Matthias Holtmann,2018,m,Leonberg,Mitte,Medien,Musik,ja,ja,ja,NA,NA,NA
wkamphausen,1,Willi Kamphausen,2018,m,Kirchheim unter Teck,Mitte,Bildung,Sozialpaedagokik,ja,ja,ja,NA,NA,NA
alapp,1,Andreas Lapp,2018,m,Stuttgart,Mitte,Wirtschaft,keine,nein,ja,ja,NA,NA,NA
bnoack,1,Bettina Noack,2018,w,Reutlingen,Mitte,Sozialpaedagokik,Zivil_NGO,ja,nein,ja,NA,NA,NA
saoberle,1,Stephan Alois Oberle,2018,m,Illmensee,Sued,Zivil_NGO,Sozialpaedagokik,ja,nein,ja,NA,NA,NA
prichert,1,Philippe Richert,2018,m,Wimmenau (Frankreich),ausserhalb BW,Politik,Bildung,nein,ja,ja,NA,NA,NA
eroennebeck,1,Edith Roennebeck,2018,w,Stuttgart,Mitte,Gesundheit,Medien,ja,nein,ja,NA,NA,NA
hschiller,1,Heike Schiller,2018,w,Stuttgart,Mitte,Politik,Infrastruktur,nein,nein,nein,NA,NA,NA
sspitz,1,Sabine Spitz,2018,w,Murg,Sued,Sport,Zivil_NGO,ja,ja,ja,NA,NA,NA
btraub,1,Barbara Traub,2018,w,Stuttgart,Mitte,Gesundheit,Kultur,ja,ja,ja,NA,NA,NA
etrumpp,1,Eberhard Trumpp,2018,m,Leinfelden-Echterdingen,Mitte,Politik,keine,nein,nein,ja,NA,NA,NA
tweber,1,Thomas Weber,2018,m,Stuttgart,Mitte,Wirtschaft,Wissenschaft,nein,ja,nein,NA,NA,NA
hbour,1,Hubert Bour,2017,m,Tuebingen,Mitte,Zivil_NGO,keine,nein,nein,ja,NA,NA,NA
abraig,1,Albin Braig,2017,m,Herrenberg,Mitte,Kultur,Wirtschaft,nein,nein,nein,NA,NA,NA
khartmann,1,Karlheinz Hartmann,2017,m,Herrenberg,Mitte,Kultur,Wirtschaft,nein,nein,nein,NA,NA,NA
cacau,1,Cacau Claudemir Jerônimo Barreto,2017,m,Korb,Mitte,Sport,Zivil_NGO,ja,ja,ja,NA,NA,NA
avondewitz,1,Antje von Dewitz,2017,w,Tettnang,Sued,Wirtschaft,Natur,ja,ja,ja,NA,NA,NA
cfritschi,1,Christa Fritschi,2017,w,Orsingen-Nenzingen,Sued,Zivil_NGO,keine,ja,ja,ja,NA,NA,NA
mhombach,1,Margot Hombach,2017,w,Ulm,Ost,Bildung,Zivil_NGO,nein,nein,nein,NA,NA,NA
dkosslick,1,Dieter Kosslick,2017,m,Berlin,ausserhalb BW,Kultur,Zivil_NGO,nein,ja,ja,NA,NA,NA
hmojem,1,Henriette Mojem,2017,w,Stuttgart,Mitte,Kultur,Wissenschaft,nein,ja,nein,NA,NA,NA
dmoritz,1,Dorothea Moritz,2017,w,Heimsheim,Mitte,Bildung,Politik,ja,nein,ja,NA,NA,NA
rmueller1,1,Reinhart Mueller,2017,m,Ulm,Ost,Zivil_NGO,keine,ja,nein,ja,NA,NA,NA
rmueller2,1,Richy Mueller,2017,m,Chiemgau,ausserhalb BW,Kultur,Zivil_NGO,nein,ja,ja,NA,NA,NA
gmuellertrimbusch,1,Gabriele Mueller-Trimbusch,2017,w,Stuttgart,Mitte,Politik,Zivil_NGO,ja,ja,ja,NA,NA,NA
wpokorny,1,Werner Pokorny,2017,m,Ettlingen,West,Kultur,Bildung,nein,nein,nein,NA,NA,NA
lreisch,1,Lucia Reisch,2017,w,Stuttgart,Mitte,Politik,Wissenschaft,nein,ja,nein,NA,NA,NA
eschneiderborgmann,1,Eva Schneider-Borgmann,2017,w,Freiburg i. Br.,Sued,Politik,Zivil_NGO,ja,nein,ja,NA,NA,NA
wsteul,1,Willi Steul,2017,m,Berlin,ausserhalb BW,Medien,Kultur,nein,ja,ja,NA,NA,NA
mstolz,1,Monika Stolz,2017,w,Ulm,Ost,Gesundheit,Politik,nein,nein,ja,NA,NA,NA
cstuermer,1,Christian Stuermer,2017,m,Ostfildern,Mitte,Recht,Zivil_NGO,ja,nein,ja,NA,NA,NA
eveit,1,Eberhard Veit,2017,m,Goeppingen,Mitte,Wirtschaft,Wissenschaft,nein,nein,ja,NA,NA,NA
rwalter,1,Robert Walter,2017,m,Strasbourg,ausserhalb BW,Kultur,keine,nein,ja,ja,NA,NA,NA
cwuerth,1,Carmen Wuerth,2017,w,Niedernhall,Nord,Zivil_NGO,keine,ja,nein,ja,NA,NA,NA
wassfalg,1,Winfried Aßfalg,2016,m,Riedlingen,Sued,Kultur,Museum,nein,nein,ja,NA,NA,NA
mbamberg,1,Michael Bamberg,2016,m,Tuebingen,Mitte,Gesundheit,Politik,nein,nein,ja,NA,NA,NA
ebauer,1,Emilie Bauer,2016,w,Stuttgart,Mitte,Zivil_NGO,keine,nein,nein,nein,NA,NA,NA
ddemir,1,Daniyel Demir,2016,m,Walldorf,Nord,Zivil_NGO,Kultur,ja,nein,ja,NA,NA,NA
ceichenhofer,1,Christiane Eichenhofer,2016,w,Lorch,Ost,Zivil_NGO,Gesundheit,ja,nein,nein,NA,NA,NA
igoenner,1,Ivo Goenner,2016,m,Ulm,Ost,Politik,Zivil_NGO,nein,nein,ja,NA,NA,NA
nhamberger,1,Norbert Hamberger,2016,m,Neudenau,Nord,Zivil_NGO,Infrastruktur,nein,ja,ja,NA,NA,NA
choffmann,1,Claus Dieter Hoffmann,2016,m,Stuttgart,Mitte,Wirtschaft,keine,nein,nein,nein,NA,NA,NA
ejeggle,1,Elisabeth Jeggle,2016,w,Biberach an der Riß,Sued,Landwirtschaft,Politik,nein,ja,ja,NA,NA,NA
jbjoly,1,Jean-Baptiste Joly,2016,m,Stuttgart,Mitte,Kultur,keine,nein,nein,ja,NA,NA,NA
skhedira,1,Sami Khedira,2016,m,Fellbach,Mitte,Sport,Zivil_NGO,nein,ja,nein,NA,NA,NA
jkizilhan,1,Jan Ilhan Kizilhan,2016,m,Villingen-Schwenningen,Sued,Gesundheit,Zivil_NGO,ja,ja,ja,NA,NA,NA
wmarguerre,1,Wolfgang Marguerre,2016,m,Heidelberg,Nord,Wirtschaft,keine,nein,ja,ja,NA,NA,NA
kmassen,1,Karin Maßen,2016,w,Rheinfelden,Sued,Kultur,keine,ja,nein,ja,NA,NA,NA
rrastaetter,1,Renate Rastaetter,2016,w,Karlsruhe,West,Bildung,Politik,ja,nein,ja,NA,NA,NA
groethemeyer,1,Gabriele Roethemeyer,2016,w,Windeby,ausserhalb BW,Medien,Wirtschaft,nein,ja,ja,NA,NA,NA
dschmieder,1,Dagmar Schmieder,2016,w,Konstanz,Sued,Gesundheit,Wissenschaft,nein,ja,ja,NA,NA,NA
kschrimm,1,Kurt Schrimm,2016,m,Bondorf,Mitte,Kultur,Politik,nein,nein,ja,NA,NA,NA
hschroeder,1,Hermann Schroeder,2016,m,Dossenheim,Nord,Zivil_NGO,keine,ja,nein,ja,NA,NA,NA
hvetter,1,Hans-Joerg Vetter,2016,m,Koenigstein,ausserhalb BW,Wirtschaft,keine,nein,nein,nein,NA,NA,NA
jwieler,1,Jossi Wieler,2016,m,Stuttgart,Mitte,Kultur,keine,nein,ja,ja,NA,NA,NA
hwoerz,1,Hannelore Woerz,2016,w,Gueglingen,Nord,Landwirtschaft,Politik,ja,nein,ja,NA,NA,NA
org_mpg,2,Max-Planck-Gesellschaft,NA,NA,NA,NA,NA,NA,NA,NA,NA,Forschungseinrichtung,national,Wissenschaft
org_agapedia,2,Agapedia Stiftung gGmbH,NA,NA,NA,NA,NA,NA,NA,NA,NA,Stiftung,international,Zivilgesellschaft
org_freilichtmuseum_beuren,2,Freilichtmuseum Beuren,NA,NA,NA,NA,NA,NA,NA,NA,NA,Museum,regional,Kultur
org_scherzachtaler,2,Scherzachtaler Blasmusik,NA,NA,NA,NA,NA,NA,NA,NA,NA,Verein,regional,Kultur
org_giz,2,Deutsche Gesellschaft fuer Internationale Zusammenarbeit,NA,NA,NA,NA,NA,NA,NA,NA,NA,Behoerde,international,Zivilgesellschaft
org_unicef_de,2,Deutsches Komitee UNICEF,NA,NA,NA,NA,NA,NA,NA,NA,NA,Verein,national,Zivilgesellschaft
org_stiftung_liebenau,2,Stiftung Liebenau,NA,NA,NA,NA,NA,NA,NA,NA,NA,Stiftung,regional,Zivilgesellschaft
org_achern_miteinander,2,Achern Miteinander e.V.,NA,NA,NA,NA,NA,NA,NA,NA,NA,Verein,lokal,Zivilgesellschaft
org_dfl_stiftung,2,Stiftung Deutsche Fußball Liga,NA,NA,NA,NA,NA,NA,NA,NA,NA,Stiftung,national,Sport
org_dla_verband,2,Deutscher Leichtathletikverband,NA,NA,NA,NA,NA,NA,NA,NA,NA,Verband,national,Sport
org_franz_keller,2,Weingut Franz Keller,NA,NA,NA,NA,NA,NA,NA,NA,NA,Unternehmen,regional,Wirtschaft
org_kalimera,2,Deutsch-Griechische Kulturinitiative Kalimera e.V.,NA,NA,NA,NA,NA,NA,NA,NA,NA,Verein,lokal,Kultur
org_forum_kulturen,2,Forum Kulturen Stuttgart e.V.,NA,NA,NA,NA,NA,NA,NA,NA,NA,Verein,lokal,Kultur
org_unesco_mannheim,2,UNESCO City of Music Mannheim,NA,NA,NA,NA,NA,NA,NA,NA,NA,Initiative,international,Kultur
org_global_parliament,2,Global Parliament of Mayors,NA,NA,NA,NA,NA,NA,NA,NA,NA,Initiative,international,Politik
org_zpm,2,ZPM-Initiative BW,NA,NA,NA,NA,NA,NA,NA,NA,NA,Initiative,regional,Wissenschaft
org_forum_gesundheit,2,Forum Gesundheitsstandort BW,NA,NA,NA,NA,NA,NA,NA,NA,NA,Initiative,regional,Wissenschaft
org_strategiedialog_auto,2,Strategiedialog Automobilwirtschaft BW,NA,NA,NA,NA,NA,NA,NA,NA,NA,Initiative,regional,Wirtschaft
org_lsvbw,2,Landessportverband Baden-Wuerttemberg,NA,NA,NA,NA,NA,NA,NA,NA,NA,Verband,regional,Sport
org_wlsb,2,Wuerttembergischer Landessportbund,NA,NA,NA,NA,NA,NA,NA,NA,NA,Verband,regional,Sport
org_nationalpark_sw,2,Nationalpark Schwarzwald,NA,NA,NA,NA,NA,NA,NA,NA,NA,Behoerde,regional,Natur
org_luchsinitiative,2,Luchsinitiative Baden-Wuerttemberg,NA,NA,NA,NA,NA,NA,NA,NA,NA,Initiative,regional,Natur
org_schmalz_gmbh,2,J. Schmalz GmbH,NA,NA,NA,NA,NA,NA,NA,NA,NA,Unternehmen,international,Wirtschaft
org_campus_schwarzwald,2,Campus Schwarzwald,NA,NA,NA,NA,NA,NA,NA,NA,NA,Hochschule,regional,Wissenschaft
org_ihk_nordschwarzwald,2,IHK Nordschwarzwald,NA,NA,NA,NA,NA,NA,NA,NA,NA,Verband,regional,Wirtschaft
org_schmalz_stiftung,2,Schmalz Stiftung,NA,NA,NA,NA,NA,NA,NA,NA,NA,Stiftung,international,Zivilgesellschaft
org_pso_stuttgart,2,Paulus Symphonie Orchester Stuttgart,NA,NA,NA,NA,NA,NA,NA,NA,NA,Verein,regional,Kultur
org_livemusicnow,2,Yehudi Menuhin Live Music Now Stuttgart e.V.,NA,NA,NA,NA,NA,NA,NA,NA,NA,Verein,lokal,Kultur
org_tress_bw,2,Tress Gastronomie / Bio-Manufaktur,NA,NA,NA,NA,NA,NA,NA,NA,NA,Unternehmen,regional,Wirtschaft
org_oeko_institut,2,Öko-Institut,NA,NA,NA,NA,NA,NA,NA,NA,NA,Forschungseinrichtung,national,Natur
org_under2,2,Under2 Coalition,NA,NA,NA,NA,NA,NA,NA,NA,NA,Initiative,international,Natur
org_stuttgarter_ballett,2,Stuttgarter Ballett,NA,NA,NA,NA,NA,NA,NA,NA,NA,Unternehmen,international,Kultur
org_hfm_mannheim,2,Hochschule fuer Musik Mannheim,NA,NA,NA,NA,NA,NA,NA,NA,NA,Hochschule,regional,Kultur
org_weingut_aldinger,2,Weingut Aldinger,NA,NA,NA,NA,NA,NA,NA,NA,NA,Unternehmen,regional,Landwirtschaft
org_vdp_wuerttemberg,2,Verband der Praedikatsweingueter Wuerttembergs,NA,NA,NA,NA,NA,NA,NA,NA,NA,Verband,national,Wirtschaft
org_freiwillige_feuerwehr_fellbach,2,Freiwillige Feuerwehr Fellbach,NA,NA,NA,NA,NA,NA,NA,NA,NA,Hilfsorganisation,lokal,Zivilgesellschaft
org_amtsgericht_waiblingen,2,Amtsgericht Waiblingen,NA,NA,NA,NA,NA,NA,NA,NA,NA,Behoerde,lokal,Politik
org_rebhuhnprojekt_fellbach_schmiden,2,Rebhuhnprojekt Fellbach-Schmiden,NA,NA,NA,NA,NA,NA,NA,NA,NA,Initiative,lokal,Natur
org_kit,2,Karlsruhe Institut fuer Technologie,NA,NA,NA,NA,NA,NA,NA,NA,NA,Hochschule,national,Bildung
org_ipcc,2,Intergovernmental Panel on Climate Change,NA,NA,NA,NA,NA,NA,NA,NA,NA,Forschungseinrichtung,international,Wissenschaft
org_ipbes,2,Intergovernmental Science-Policy Platform on Biodiversity and Ecosystem Services,NA,NA,NA,NA,NA,NA,NA,NA,NA,Forschungseinrichtung,international,Wissenschaft
org_klima_sachverstaendigenrat,2,Klima-Sachverstaendigenrat,NA,NA,NA,NA,NA,NA,NA,NA,NA,Behoerde,regional,Natur
org_malteser_hilfsdienst_bw,2,Malteser Hilfsdienst Baden-Wuerttemberg,NA,NA,NA,NA,NA,NA,NA,NA,NA,Hilfsorganisation,national,Zivilgesellschaft
org_malteser_hilfsdienst_gp,2,Malteser Hilfsdienst Goeppingen,NA,NA,NA,NA,NA,NA,NA,NA,NA,Hilfsorganisation,regional,Zivilgesellschaft
org_edmund_baur_malteser_stiftung,2,edmund baur Malteser Stiftung,NA,NA,NA,NA,NA,NA,NA,NA,NA,Stiftung,international,Zivilgesellschaft
org_mainau_gmbh,2,Mainau Gmbh,NA,NA,NA,NA,NA,NA,NA,NA,NA,Unternehmen,national,Landwirtschaft
org_europa_minigaertner,2,Europa Minigaertner,NA,NA,NA,NA,NA,NA,NA,NA,NA,Initiative,national,Zivilgesellschaft
org_lennart_bernadotte_stiftung,2,Lennart-Bernadotte-Stiftung,NA,NA,NA,NA,NA,NA,NA,NA,NA,Stiftung,national,Natur
org_plan_international,2,Plan International,NA,NA,NA,NA,NA,NA,NA,NA,NA,Hilfsorganisation,international,Zivilgesellschaft
org_kuratorium_lindauer_nobelpreistraegertagung,2,Kuratorium der Lindauer Nobelpreistraegertagung,NA,NA,NA,NA,NA,NA,NA,NA,NA,Verein,international,Wissenschaft
org_europa_minikoeche,2,Europa Minikoeche,NA,NA,NA,NA,NA,NA,NA,NA,NA,NGO,international,Zivilgesellschaft
org_stiftung_illustration,2,Stiftung Illustration,NA,NA,NA,NA,NA,NA,NA,NA,NA,Stiftung,national,Kultur
org_die_tollen_hefte,2,Die tollen Hefte,NA,NA,NA,NA,NA,NA,NA,NA,NA,Medien,national,Kultur
org_mut_zentrum,2,MuT-Zentrum,NA,NA,NA,NA,NA,NA,NA,NA,NA,Unternehmen,regional,Zivilgesellschaft
org_frauenberatung_loerrach,2,Frauenberatungsstelle Loerrach,NA,NA,NA,NA,NA,NA,NA,NA,NA,Verein,lokal,Zivilgesellschaft
org_dgfpi,2,"Deutsche Gesellschaft fuer Praevention und Intervention bei Kindesmisshandlung, -vernachlaessigung und sexualisierter Gewalt e.V.",NA,NA,NA,NA,NA,NA,NA,NA,NA,Verein,national,Zivilgesellschaft
org_tim,2,Theater in Moers,NA,NA,NA,NA,NA,NA,NA,NA,NA,Initiative,lokal,Kultur
org_theater_tempus_fugit,2,Theather Tempus fugit,NA,NA,NA,NA,NA,NA,NA,NA,NA,Verein,lokal,Kultur
org_iwm,2,Leibniz-Institut fuer Wissensmedien,NA,NA,NA,NA,NA,NA,NA,NA,NA,Forschungseinrichtung,national,Wissenschaft
org_deutsche_telekom_stiftung,2,Deutsche Telekom Stiftung,NA,NA,NA,NA,NA,NA,NA,NA,NA,Stiftung,national,Zivilgesellschaft
org_swk,2,Staendige Wissenschaftliche Kommission der Kultusministerkonferenz,NA,NA,NA,NA,NA,NA,NA,NA,NA,Behoerde,national,Politik
org_dla,2,Deutsches Literaturarchiv Marbach,NA,NA,NA,NA,NA,NA,NA,NA,NA,Museum,national,Kultur
org_jugendamt_mannheim,2,Jugendamt Mannheim,NA,NA,NA,NA,NA,NA,NA,NA,NA,Behoerde,lokal,Politik
org_renningen,2,Stadt Renningen,NA,NA,NA,NA,NA,NA,NA,NA,NA,Behoerde,lokal,Politik
org_freie_waehler_bw,2,Freie Waehler BW,NA,NA,NA,NA,NA,NA,NA,NA,NA,Partei,regional,Politik
org_freie_waehler_boeblingen,2,Freie Waehler Boeblingen,NA,NA,NA,NA,NA,NA,NA,NA,NA,Partei,lokal,Politik
org_regionalversammlung_stuttgart,2,Regionalversammlung Stuttgart,NA,NA,NA,NA,NA,NA,NA,NA,NA,Behoerde,regional,Politik
org_landesverband_musikschulen_bw,2,Landesverband der Musikschulen Baden-Wuerttemberg,NA,NA,NA,NA,NA,NA,NA,NA,NA,Verband,regional,Kultur
org_buergerstiftung_renningen,2,Buergerstiftung Renningen,NA,NA,NA,NA,NA,NA,NA,NA,NA,Stiftung,lokal,Zivilgesellschaft
org_interkom,2,Ausbildungsboerse Interkom,NA,NA,NA,NA,NA,NA,NA,NA,NA,Initiative,regional,Zivilgesellschaft
org_german_doctors,2,German Doctors,NA,NA,NA,NA,NA,NA,NA,NA,NA,Hilfsorganisation,international,Zivilgesellschaft
org_one_deutschland,2,The ONE Campaign Deutschland,NA,NA,NA,NA,NA,NA,NA,NA,NA,Hilfsorganisation,international,Zivilgesellschaft
org_malisa_Stiftung,2,MaLisa Stiftung,NA,NA,NA,NA,NA,NA,NA,NA,NA,Stiftung,national,Zivilgesellschaft
org_tatort,2,Tatort,NA,NA,NA,NA,NA,NA,NA,NA,NA,Medien,national,Kultur
org_deutsche_fussballnationalmannschaft,2,Deutsche Fußballnationalmannschaft,NA,NA,NA,NA,NA,NA,NA,NA,NA,Verein,international,Sport
org_matthias_ginter_stiftung,2,Matthias Ginter Stiftung,NA,NA,NA,NA,NA,NA,NA,NA,NA,Stiftung,regional,Zivilgesellschaft
org_kinder_jugendklinik_freiburg,2,Universitaetsklinikum Freiburg Kinder- und Jugendklinik,NA,NA,NA,NA,NA,NA,NA,NA,NA,Gesundheitseinrichtung,regional,Zivilgesellschaft
org_polizei_bw,2,Polizei Baden-Wuerttemberg,NA,NA,NA,NA,NA,NA,NA,NA,NA,Behoerde,regional,Zivilgesellschaft
org_polizeiseelsorge_bw,2,Polizeiseelsorge Baden-Wuerttemberg,NA,NA,NA,NA,NA,NA,NA,NA,NA,NGO,regional,Religion
org_dioezese_rottenburg_stuttgart,2,Dioezese Rottenburg-Stuttgart,NA,NA,NA,NA,NA,NA,NA,NA,NA,NGO,regional,Religion
org_kirchengemeinde_sigmaringen,2,Katholische Kirchengemeinde Sigmaringen,NA,NA,NA,NA,NA,NA,NA,NA,NA,NGO,lokal,Religion
org_asg_crailsheim,2,Albert-Schweitzer-Gymnasium Crailsheim,NA,NA,NA,NA,NA,NA,NA,NA,NA,Bildungseinrichtung,lokal,Bildung
org_esg_filderstadt,2,Elisabeth-Selbert-Gymnasium Filderstadt,NA,NA,NA,NA,NA,NA,NA,NA,NA,Bildungseinrichtung,lokal,Bildung
org_abk_stuttgart,2,Staatliche Akademie der Bildenden Kuenste Stuttgart,NA,NA,NA,NA,NA,NA,NA,NA,NA,Hochschule,regional,Bildung
org_sams,2,Der Sams,NA,NA,NA,NA,NA,NA,NA,NA,NA,Medien,national,Kultur
org_pen_deutschland,2,PEN Deutschland,NA,NA,NA,NA,NA,NA,NA,NA,NA,Verein,national,Kultur
org_stipendium_paul_maar,2,Stipendium Paul Maar,NA,NA,NA,NA,NA,NA,NA,NA,NA,NGO,regional,Bildung
org_kreisbauernverband_biberach_sigmaringen,2,Kreisbauernverband Biberach-Sigmaringen,NA,NA,NA,NA,NA,NA,NA,NA,NA,Verband,regional,Landwirtschaft
org_bauernschule_bad_waldsee,2,Bauernschule Bad Waldsee,NA,NA,NA,NA,NA,NA,NA,NA,NA,Bildungseinrichtung,regional,Landwirtschaft
org_praedicate_evangelium,2,Praedicate Evangelium,NA,NA,NA,NA,NA,NA,NA,NA,NA,NGO,regional,Religion
org_gemeinderat_bad_salgau,2,Gemeinderat Bad Salgau,NA,NA,NA,NA,NA,NA,NA,NA,NA,Behoerde,regional,Politik
org_ortschaftsrat_bolstern,2,Ortschaftsrat Bolstern,NA,NA,NA,NA,NA,NA,NA,NA,NA,Behoerde,lokal,Politik
org_dekanat_salgau,2,Katholisches Dekanat Salgau,NA,NA,NA,NA,NA,NA,NA,NA,NA,NGO,lokal,Religion
org_oberschwaebischer_pilgerweg,2,Verein der Freunde und Foerderer Oberschwaebischer Pilgerweg e.V.,NA,NA,NA,NA,NA,NA,NA,NA,NA,Verein,regional,Zivilgesellschaft
org_rieger_hofmann,2,Rieger-Hofmann GmbH,NA,NA,NA,NA,NA,NA,NA,NA,NA,Unternehmen,regional,Landwirtschaft
org_hft_stuttgart,2,Hochschule fuer Technik Stuttgart,NA,NA,NA,NA,NA,NA,NA,NA,NA,Hochschule,regional,Bildung
org_bup,2,Bundesverband unabhaengiger Institute fuer bautechnische Pruefungen e.V.,NA,NA,NA,NA,NA,NA,NA,NA,NA,Verband,national,Infrastruktur
org_gemeinderat_rottweil,2,Gemeinderat Rottweil,NA,NA,NA,NA,NA,NA,NA,NA,NA,Behoerde,regional,Politik
org_stiftung_buerger_in_not,2,Stiftung Rottweiler Buerger in Not,NA,NA,NA,NA,NA,NA,NA,NA,NA,Stiftung,regional,Zivilgesellschaft
org_galerie_schrade,2,Galerie Schrade,NA,NA,NA,NA,NA,NA,NA,NA,NA,Museum,regional,Kultur
org_art_karlsruhe,2,art KARLSRUHE,NA,NA,NA,NA,NA,NA,NA,NA,NA,Messe,national,Kultur
org_projekt_99,2,Projekt99,NA,NA,NA,NA,NA,NA,NA,NA,NA,Initiative,regional,Kultur
org_kreisrat_buchen,2,Kreisrat Buchen,NA,NA,NA,NA,NA,NA,NA,NA,NA,Behoerde,regional,Politik
org_amnesty_international,2,Amensty International,NA,NA,NA,NA,NA,NA,NA,NA,NA,Hilfsorganisation,international,Zivilgesellschaft
org_asylarbeitskreis_heidelberg,2,Asylarbeitskreis Heidelberg e.V.,NA,NA,NA,NA,NA,NA,NA,NA,NA,Verein,regional,Zivilgesellschaft
org_ileu,2,Instituts fuer virtuelles und reales Lernen in der Erwachsenbildung Ulm e.V.,NA,NA,NA,NA,NA,NA,NA,NA,NA,Verein,regional,Bildung
org_zawiw,2,Zentrum fuer Allgemeine Wissenschaftliche Weiterbildung,NA,NA,NA,NA,NA,NA,NA,NA,NA,Bildungseinrichtung,regional,Wissenschaft
org_danube_networks,2,Danube Networks,NA,NA,NA,NA,NA,NA,NA,NA,NA,Initiative,international,Bildung
org_zusammen_in_ulm,2,Zusammen in Ulm,NA,NA,NA,NA,NA,NA,NA,NA,NA,Initiative,regional,Zivilgesellschaft
org_kuenstlerhaus_edenkoben,2,Kuenstlerhaus Edenkoben,NA,NA,NA,NA,NA,NA,NA,NA,NA,Verband,regional,Kultur
org_freie_akademie_kuenste_hamburg,2,Freie Akademie der Kuenste Hamburg e.V.,NA,NA,NA,NA,NA,NA,NA,NA,NA,Verein,regional,Kultur
org_bundesversammlung,2,Bundesversammlung,NA,NA,NA,NA,NA,NA,NA,NA,NA,Behoerde,national,Politik
org_mit,2,Massachusetts Institute of Technology,NA,NA,NA,NA,NA,NA,NA,NA,NA,Hochschule,international,Bildung
org_ceps,2,Centre for European Policy Studies (CEPS),NA,NA,NA,NA,NA,NA,NA,NA,NA,Initiative,international,Politik
org_mlr_bw,2,"Ministerium fuer Laendlichen Raum, Landwirtschaft und Heimat Baden-Wuerttemberg",NA,NA,NA,NA,NA,NA,NA,NA,NA,Behoerde,regional,Politik
org_liederkranz_weiler,2,Liederkranz Weiler i. d. Bergen,NA,NA,NA,NA,NA,NA,NA,NA,NA,Verein,lokal,Kultur
org_dorfentwicklung_herdtlinsweiler,2,Dorfentwicklung Herdtlinsweiler e. V.,NA,NA,NA,NA,NA,NA,NA,NA,NA,Verein,lokal,Zivilgesellschaft
org_akademie_gesprochenes_wort,2,Akademie fuer gesprochenes Wort,NA,NA,NA,NA,NA,NA,NA,NA,NA,Bildungseinrichtung,regional,Kultur
org_hfg,2,Hochschule fuer Gestaltung Schwaebisch Gmuend,NA,NA,NA,NA,NA,NA,NA,NA,NA,Bildungseinrichtung,regional,Bildung
org_hfmt_hamburg,2,Hochschule fuer Musik und Theater Hamburg,NA,NA,NA,NA,NA,NA,NA,NA,NA,Hochschule,regional,Bildung
org_deutscher_musikrat,2,Deutscher Musikrat,NA,NA,NA,NA,NA,NA,NA,NA,NA,Behoerde,national,Kultur
org_popakademie_bw,2,Popakademie Baden-Wuerttemberg,NA,NA,NA,NA,NA,NA,NA,NA,NA,Bildungseinrichtung,regional,Kultur
org_percussion_creativ,2,Percussion Creativ e.V.,NA,NA,NA,NA,NA,NA,NA,NA,NA,Verein,national,Kultur
org_sony_music,2,Sony Music,NA,NA,NA,NA,NA,NA,NA,NA,NA,Unternehmen,international,Medien
org_warner_music,2,Warner Music,NA,NA,NA,NA,NA,NA,NA,NA,NA,Unternehmen,international,Medien
org_spd_frauen_hohenlohe,2,Arbeitsgemeinschaft SPD Frauen Kreisverbandes Schwaebisch Hall – Hohenlohe,NA,NA,NA,NA,NA,NA,NA,NA,NA,Initiative,regional,Zivilgesellschaft
org_marie_schlei_verein,2,Marie-Schlei-Verein,NA,NA,NA,NA,NA,NA,NA,NA,NA,Hilfsorganisation,international,Zivilgesellschaft
org_aem,2,Akademie fuer Ethik in der Medizin,NA,NA,NA,NA,NA,NA,NA,NA,NA,Bildungseinrichtung,national,Gesundheit
org_kuratorium_jugendkunstschulen_bw,2,Kuratorium des Landesverbands der Kunstschulen Baden-Wuerttemberg,NA,NA,NA,NA,NA,NA,NA,NA,NA,Verband,regional,Kultur
org_gegen_vergessen,2,Gegen Vergessen – Fuer Demokratie,NA,NA,NA,NA,NA,NA,NA,NA,NA,Verein,national,Politik
org_uni_passau,2,Universitaet Passau,NA,NA,NA,NA,NA,NA,NA,NA,NA,Hochschule,regional,Bildung
org_landgericht_muenchen,2,Landgericht Muenchen,NA,NA,NA,NA,NA,NA,NA,NA,NA,Behoerde,regional,Politik
org_bayerische_staatskanzlei,2,Bayerische Staatskanzlei,NA,NA,NA,NA,NA,NA,NA,NA,NA,Behoerde,regional,Politik
org_bundesrat,2,Bundesrat,NA,NA,NA,NA,NA,NA,NA,NA,NA,Behoerde,national,Politik
org_stmuv_bayern,2,Bayerisches Staatsministerium fuer Umwelt und Verbraucherschutz,NA,NA,NA,NA,NA,NA,NA,NA,NA,Behoerde,regional,Politik
org_ufr,2,Albert-Ludwigs-Universitaet Freiburg,NA,NA,NA,NA,NA,NA,NA,NA,NA,Hochschule,regional,Bildung
org_uni_konstanz,2,Universitaet Konstanz,NA,NA,NA,NA,NA,NA,NA,NA,NA,Hochschule,regional,Bildung
org_landratsamt_bodenseekreis,2,Landratsamt Bodenseekreis,NA,NA,NA,NA,NA,NA,NA,NA,NA,Behoerde,regional,Politik
org_rwu,2,Hochschule Ravensburg-Weingarten,NA,NA,NA,NA,NA,NA,NA,NA,NA,Hochschule,regional,Bildung
org_swf,2,Suedwestfunk,NA,NA,NA,NA,NA,NA,NA,NA,NA,Medien,regional,Medien
org_fdp,2,Freie Demokratische Partei,NA,NA,NA,NA,NA,NA,NA,NA,NA,Partei,national,Politik
org_jum_bw,2,Ministerium der Justiz und fuer Migration Baden-Wuerttemberg,NA,NA,NA,NA,NA,NA,NA,NA,NA,Behoerde,regional,Politik
org_projekt_chance,2,Projekt Chance e.V.,NA,NA,NA,NA,NA,NA,NA,NA,NA,Verein,regional,Zivilgesellschaft
org_kinderstiftung_funke,2,Kinderstiftung Funke,NA,NA,NA,NA,NA,NA,NA,NA,NA,Stiftung,regional,Zivilgesellschaft
org_reinhold_maier_stiftung,2,Reinhold-Maier-Stiftung,NA,NA,NA,NA,NA,NA,NA,NA,NA,Stiftung,regional,Zivilgesellschaft
org_cdh_stephanus,2,Christlichen Diakonischen Hilfswerk Stephanus,NA,NA,NA,NA,NA,NA,NA,NA,NA,Hilfsorganisation,international,Zivilgesellschaft
org_aktion_strassenkinder,2,Aktion Straßenkinder e.V.,NA,NA,NA,NA,NA,NA,NA,NA,NA,Hilfsorganisation,international,Zivilgesellschaft
org_experimenta,2,experimenta Heilbronn,NA,NA,NA,NA,NA,NA,NA,NA,NA,Museum,regional,Wissenschaft
org_naturhistorisches_museum_heilbronn,2,Naturhistorischen Museums Heilbronn,NA,NA,NA,NA,NA,NA,NA,NA,NA,Museum,regional,Kultur
org_uni_greifswald,2,Universitaet Greifswald,NA,NA,NA,NA,NA,NA,NA,NA,NA,Hochschule,regional,Bildung
org_lv_natec,2,Landesverband fuer naturwissenschaftlich-technische Jugendbildung Baden-Wuerttemberg e. V.,NA,NA,NA,NA,NA,NA,NA,NA,NA,Verband,regional,Bildung
org_hhn,2,Hochschule Heilbronn,NA,NA,NA,NA,NA,NA,NA,NA,NA,Hochschule,regional,Bildung
org_kardiologie_uniklinik_heidelberg,2,"Klinik fuer Kardiologie, Angiologie und Pneumologie Universitaetsklinikum Heidelberg",NA,NA,NA,NA,NA,NA,NA,NA,NA,Gesundheitseinrichtung,regional,Gesundheit
org_ich,2,Institut fuer Cardiomyopathien Heidelberg,NA,NA,NA,NA,NA,NA,NA,NA,NA,Forschungseinrichtung,national,Wissenschaft
org_dgk_akademie,2,Akademie der Deutschen Gesellschaft fuer Kardiologie,NA,NA,NA,NA,NA,NA,NA,NA,NA,Bildungseinrichtung,national,Gesundheit
org_dgk,2,Deutsche Gesellschaft fuer Kardiologie – Herz- und Kreislaufforschung e.V.,NA,NA,NA,NA,NA,NA,NA,NA,NA,Verein,national,Gesundheit
org_crc,2,Clinical Research in Cardiology,NA,NA,NA,NA,NA,NA,NA,NA,NA,Medien,international,Wissenschaft
org_deutsche_herzstiftung,2,Deutsche Herzstiftung,NA,NA,NA,NA,NA,NA,NA,NA,NA,Stiftung,national,Gesundheit
org_ph_weingarten,2,Paedagogische Hochschule Weingarten,NA,NA,NA,NA,NA,NA,NA,NA,NA,Hochschule,regional,Bildung
org_kulturgemeinschaft_kressbronn,2,Kulturgemeinschaft Kressbronn am Bodensee,NA,NA,NA,NA,NA,NA,NA,NA,NA,Initiative,lokal,Kultur
org_galerie_laende,2,Galerie Laende,NA,NA,NA,NA,NA,NA,NA,NA,NA,Museum,lokal,Kultur
org_mairdumont,2,MairDumont,NA,NA,NA,NA,NA,NA,NA,NA,NA,Unternehmen,national,Kultur
org_hdm,2,Hochschule der Medien,NA,NA,NA,NA,NA,NA,NA,NA,NA,Hochschule,regional,Bildung
org_hilde_mair_stiftung,2,Hilde-Mair-Stiftung,NA,NA,NA,NA,NA,NA,NA,NA,NA,Stiftung,international,Zivilgesellschaft
org_stuttgarter_kinderstiftung,2,Stuttgarter Kinderstiftung,NA,NA,NA,NA,NA,NA,NA,NA,NA,Stiftung,lokal,Zivilgesellschaft
org_st_bonifatius_renningen_malmsheim,2,Pfarrei St. Bonifatius Renningen/Malmsheim,NA,NA,NA,NA,NA,NA,NA,NA,NA,NGO,lokal,Religion
org_martinuskirche_malmsheim,2,Pfarrei St. Martinuskirche Malmsheim,NA,NA,NA,NA,NA,NA,NA,NA,NA,NGO,lokal,Religion
org_st_clemens_weissach,2,Kirchengemeinde St. Clemens Weissach,NA,NA,NA,NA,NA,NA,NA,NA,NA,NGO,lokal,Religion
org_st_raphael_rutesheim,2,Kirchengemeinde St. Raphael Rutesheim,NA,NA,NA,NA,NA,NA,NA,NA,NA,NGO,lokal,Religion
org_staedelschule,2,Hochschule fuer Bildende Kuenste–Staedelschule,NA,NA,NA,NA,NA,NA,NA,NA,NA,Hochschule,regional,Bildung
org_24_stops,2,Rehberger-Weg 24 Stops,NA,NA,NA,NA,NA,NA,NA,NA,NA,Medien,lokal,Kultur
org_fraunhofer_ipm,2,Fraunhofer-Institut fuer Physikalische Messtechnik,NA,NA,NA,NA,NA,NA,NA,NA,NA,Forschungseinrichtung,national,Wissenschaft
org_solaces,2,Forschungsprojekt SolACES,NA,NA,NA,NA,NA,NA,NA,NA,NA,Forschungseinrichtung,international,Wissenschaft
org_aeltestenkreis_bonhoeffer,2,Ältestenkreis Bonhoeffer-Gemeinde,NA,NA,NA,NA,NA,NA,NA,NA,NA,NGO,lokal,Religion
org_internettreff_freiburg,2,Internettreff Freiburg,NA,NA,NA,NA,NA,NA,NA,NA,NA,Initiative,lokal,Zivilgesellschaft
org_gemeinderat_leutkirch,2,Gemeinderat Leutkirch im Allgaeu,NA,NA,NA,NA,NA,NA,NA,NA,NA,Behoerde,lokal,Politik
org_cdu_leutkirch,2,CDU Ortsverband Leutkirch,NA,NA,NA,NA,NA,NA,NA,NA,NA,Partei,lokal,Politik
org_helferkreis_asyl_leutkirch,2,Helferkreis Asyl,NA,NA,NA,NA,NA,NA,NA,NA,NA,Initiative,lokal,Zivilgesellschaft
org_vhs_leutkirch,2,Volkshochschule Leutkirch,NA,NA,NA,NA,NA,NA,NA,NA,NA,Bildungseinrichtung,lokal,Bildung
org_frauenbund_leutkirch,2,Katholischer Frauenbund Leutkirch,NA,NA,NA,NA,NA,NA,NA,NA,NA,NGO,lokal,Religion
org_buergerstiftung_leutkirch,2,Buergerstiftung Leutkirch im Allgaeu,NA,NA,NA,NA,NA,NA,NA,NA,NA,Stiftung,lokal,Zivilgesellschaft
org_grundschule_oberer_graben,2,Grundschule Oberer Graben,NA,NA,NA,NA,NA,NA,NA,NA,NA,Bildungseinrichtung,lokal,Bildung
org_schulbezirk_leutkirch,2,Schulbezirk_Leutkirch,NA,NA,NA,NA,NA,NA,NA,NA,NA,Behoerde,lokal,Politik
org_schulamt_tettnang,2,Staatliches Schulamt Tettnang,NA,NA,NA,NA,NA,NA,NA,NA,NA,Behoerde,lokal,Politik
org_oberschulamt_tuebingen,2,Oberschulamt Tuebingen,NA,NA,NA,NA,NA,NA,NA,NA,NA,Behoerde,regional,Politik
org_finanzamt_bw,2,Ministerium fuer Finanzen Baden-Wuerttemberg,NA,NA,NA,NA,NA,NA,NA,NA,NA,Behoerde,regional,Politik
org_uni_zuerich,2,Universitaet Zuerich,NA,NA,NA,NA,NA,NA,NA,NA,NA,Hochschule,national,Bildung
org_rwth_aachen,2,Rheinisch-Westfaelische Technische Hochschule Aachen,NA,NA,NA,NA,NA,NA,NA,NA,NA,Hochschule,national,Bildung
org_uniklinik_rwth_aachen,2,Universitaetsklinik RWTH-Aachen,NA,NA,NA,NA,NA,NA,NA,NA,NA,Gesundheitseinrichtung,regional,Gesundheit
org_dgnc,2,Deutsche Gesellschaft fuer Neurochirurgie,NA,NA,NA,NA,NA,NA,NA,NA,NA,Verein,national,Gesundheit
org_neurochirugie_uniklinik_freiburg,2,Neurochirugie Universitaetsklinikum Freiburg,NA,NA,NA,NA,NA,NA,NA,NA,NA,Gesundheitseinrichtung,regional,Gesundheit
org_neurochirugie_klinikum_karlsruhe,2,Neurochirurgische Klinik Staedtisches Klinikum Karlsruhe,NA,NA,NA,NA,NA,NA,NA,NA,NA,Gesundheitseinrichtung,regional,Gesundheit
org_danc,2,Deutsche Akademie fuer Neurochirurgie,NA,NA,NA,NA,NA,NA,NA,NA,NA,Bildungseinrichtung,national,Gesundheit
org_klinikum_karlsruhe,2,Staedtisches Klinikum Karlsruhe,NA,NA,NA,NA,NA,NA,NA,NA,NA,Gesundheitseinrichtung,regional,Gesundheit
org_a_doctors_mind,2,A Doctor's Mind,NA,NA,NA,NA,NA,NA,NA,NA,NA,Medien,international,Medien
org_46_plus_down_syndrom,2,46PLUS Down-Syndrom Stuttgart,NA,NA,NA,NA,NA,NA,NA,NA,NA,Verein,regional,Zivilgesellschaft
org_projekt_fit,2,Projekt FIT Kornwestheim,NA,NA,NA,NA,NA,NA,NA,NA,NA,Initiative,lokal,Sport
org_inklusionscamp_vfb,2,Inklusionscamp VfB Fußballschule,NA,NA,NA,NA,NA,NA,NA,NA,NA,Initiative,lokal,Sport
org_fussballschule_sc_freiburg,2,Fußballschule SC Freiburg,NA,NA,NA,NA,NA,NA,NA,NA,NA,Verein,regional,Sport
org_sc_freiburg,2,SC Freiburg,NA,NA,NA,NA,NA,NA,NA,NA,NA,Verein,regional,Sport
org_carl_bosch_museum,2,Carl Bosch Museum,NA,NA,NA,NA,NA,NA,NA,NA,NA,Museum,lokal,Kultur
org_klaus_tschira_stiftung,2,Klaus Tschira Stiftung,NA,NA,NA,NA,NA,NA,NA,NA,NA,Stiftung,national,Wissenschaft
org_odwin,2,ODWIN gGmbH,NA,NA,NA,NA,NA,NA,NA,NA,NA,Stiftung,national,Gesundheit
org_fledermausschutz_bw,2,Arbeitsgemeinschaft Fledermausschutz Baden-Wuerttemberg e.V.,NA,NA,NA,NA,NA,NA,NA,NA,NA,Verein,regional,Natur
org_landratsamt_karlsruhe,2,Landratsamt Karlsruhe,NA,NA,NA,NA,NA,NA,NA,NA,NA,Behoerde,regional,Politik
org_bmg,2,Bundesministerium fuer Gesundheit,NA,NA,NA,NA,NA,NA,NA,NA,NA,Behoerde,national,Politik
org_bundeskanzleramt,2,Bundeskanzleramt,NA,NA,NA,NA,NA,NA,NA,NA,NA,Behoerde,national,Politik
org_juedisches_museum_berlin,2,Stiftung Juedisches Museum Berlin,NA,NA,NA,NA,NA,NA,NA,NA,NA,Museum,regional,Kultur
org_hospiz_palliativ_stiftung,2,Deutsche Hospiz- und Palliativstiftung,NA,NA,NA,NA,NA,NA,NA,NA,NA,Stiftung,national,Gesundheit
org_max_planck_gesellschaft,2,Max-Planck-Gesellschaft zur Foerderung der Wissenschaften e.V.,NA,NA,NA,NA,NA,NA,NA,NA,NA,Verein,national,Wissenschaft
org_korad_adenauer_stiftung,2,Konrad-Adenauer-Stiftung,NA,NA,NA,NA,NA,NA,NA,NA,NA,Stiftung,national,Politik
org_stiftung_friedrich_ebert,2,Stiftung Reichspraesident-Friedrich-Ebert-Gedenkstaette,NA,NA,NA,NA,NA,NA,NA,NA,NA,Stiftung,national,Kultur
org_bundesverband_niere,2,Bundesverband Niere e.V.,NA,NA,NA,NA,NA,NA,NA,NA,NA,Hilfsorganisation,national,Gesundheit
org_arche_noah,2,Arche Noah e.V.,NA,NA,NA,NA,NA,NA,NA,NA,NA,Hilfsorganisation,regional,Zivilgesellschaft
org_kinder_brauchen_frieden,2,Kinder brauchen Frieden e.V.,NA,NA,NA,NA,NA,NA,NA,NA,NA,Hilfsorganisation,international,Zivilgesellschaft
org_kindernothilfe,2,kindernothilfe,NA,NA,NA,NA,NA,NA,NA,NA,NA,Hilfsorganisation,international,Zivilgesellschaft
org_actors_studio,2,The Actors Studio,NA,NA,NA,NA,NA,NA,NA,NA,NA,Bildungseinrichtung,national,Kultur
org_paravan,2,PARAVAN GmbH,NA,NA,NA,NA,NA,NA,NA,NA,NA,Unternehmen,international,Wirtschaft
org_paravan_stiftung,2,Roland und Martina Arnold-PARAVAN-Stiftung,NA,NA,NA,NA,NA,NA,NA,NA,NA,Stiftung,national,Zivilgesellschaft
org_lv_selbsth_koerpm_bw,2,Landesverband Selbsthilfe Koerperbehinderter Menschen Baden-Wuerttemberg,NA,NA,NA,NA,NA,NA,NA,NA,NA,Verband,regional,Zivilgesellschaft
org_mitten_im_leben,2,Mitten im Leben!,NA,NA,NA,NA,NA,NA,NA,NA,NA,Stiftung,national,Zivilgesellschaft
org_beg_riss,2,BEG Riss,NA,NA,NA,NA,NA,NA,NA,NA,NA,Genossenschaft,national,Natur
org_sonnenhof_wolpertshausen,2,Sonnenhof in Wolpertshausen,NA,NA,NA,NA,NA,NA,NA,NA,NA,Unternehmen,regional,Natur
org_baeuerliche_erzeugergemeinschaft_schwaebisch_hall,2,Baeuerliche Erzeugergemeinschaft Schwaebisch Hall,NA,NA,NA,NA,NA,NA,NA,NA,NA,Verein,regional,Natur
org_haus_der_bauern,2,Haus der Bauern,NA,NA,NA,NA,NA,NA,NA,NA,NA,Stiftung,national,Natur
org_akademie_fuer_oekologische_land_u_ernaehrungswissenschaft,2,Akademie fuer Ölologische Land- und Ernaehrungswissenschaft,NA,NA,NA,NA,NA,NA,NA,NA,NA,Bildungseinrichtung,international,Wissenschaft
org_fahnenfabrik_dommer,2,Fahnenfabrik Dommer,NA,NA,NA,NA,NA,NA,NA,NA,NA,Unternehmen,international,Wirtschaft
org_ihk_region_stuttgart,2,IHK Region Stuttgart,NA,NA,NA,NA,NA,NA,NA,NA,NA,Handelskammer,regional,Wirtschaft
org_arbeitskreis_unternehmerinnen,2,Arbeitskreis Unternehmerinnen,NA,NA,NA,NA,NA,NA,NA,NA,NA,Initiative,national,Wirtschaft
org_hochschule_furtwang,2,Hochschule Furtwang,NA,NA,NA,NA,NA,NA,NA,NA,NA,Hochschule,lokal,Bildung
org_h2org_ggmbh,2,H2Org gGmbH,NA,NA,NA,NA,NA,NA,NA,NA,NA,NGO,national,Natur
org_cleanup,2,Cleanup,NA,NA,NA,NA,NA,NA,NA,NA,NA,Initiative,regional,Natur
org_bewegteuch,2,BewegtEuch!,NA,NA,NA,NA,NA,NA,NA,NA,NA,Verein,national,Zivilgesellschaft
org_drk,2,Deutsches Rotes Kreuz,NA,NA,NA,NA,NA,NA,NA,NA,NA,Hilfsorganisation,international,Gesundheit
org_tuebinger_kreistag,2,Tuebinger Kreistag,NA,NA,NA,NA,NA,NA,NA,NA,NA,Politik,regional,Politik
org_heinrich_feess_gmbh_co_kg,2,Heinrich Feeß GmbH & Co. KG,NA,NA,NA,NA,NA,NA,NA,NA,NA,Unternehmen,national,Wirtschaft
org_landtag_bw,2,Landtag Baden-Wuerttemberg,NA,NA,NA,NA,NA,NA,NA,NA,NA,Politik,regional,Politik
org_freiwillige_feuerwehr_obersulm,2,Freiwillige Feuerwehr Obersulm,NA,NA,NA,NA,NA,NA,NA,NA,NA,Hilfsorganisation,lokal,Zivilgesellschaft
org_kreisfeuerwehrverband_heilbronn,2,Kreisfeuerwehrverband Heilbronn,NA,NA,NA,NA,NA,NA,NA,NA,NA,Verband,regional,Zivilgesellschaft
org_verlag_haus_am_nepomuk,2,Verlag Haus am Nepomuk,NA,NA,NA,NA,NA,NA,NA,NA,NA,Medien,regional,Zivilgesellschaft
org_jugend_engagiert_sich,2,Jugend engagiert sich,NA,NA,NA,NA,NA,NA,NA,NA,NA,Initiative,regional,Zivilgesellschaft
org_film_gegen_die_wand,2,Film: Gegen die Wand,NA,NA,NA,NA,NA,NA,NA,NA,NA,Film,international,Kultur
org_film_game_of_thrones,2,Serie: Game of Thrones,NA,NA,NA,NA,NA,NA,NA,NA,NA,Film,national,Kultur
org_terre_des_femmes,2,Terre des Femmes,NA,NA,NA,NA,NA,NA,NA,NA,NA,Verein,international,Zivilgesellschaft
org_sibel,2,SIBEL (online Beratung),NA,NA,NA,NA,NA,NA,NA,NA,NA,Hilfsorganisation,national,Zivilgesellschaft
org_unidas,2,UNIDAS,NA,NA,NA,NA,NA,NA,NA,NA,NA,Initiative,international,Zivilgesellschaft
org_land_frauen_ortsverein_enzweihingen,2,LandFrauen Ortsverein Enzweihingen,NA,NA,NA,NA,NA,NA,NA,NA,NA,Verein,lokal,Zivilgesellschaft
org_kreis_land_frauen_verband_ludwigsburg,2,KreisLandFrauenverband Ludwigsburg,NA,NA,NA,NA,NA,NA,NA,NA,NA,Verband,regional,Zivilgesellschaft
org_land_frauen_verband_wuerttemberg_baden,2,LandFrauenverband Wuerttemberg-Baden,NA,NA,NA,NA,NA,NA,NA,NA,NA,Verband,regional,Zivilgesellschaft
org_bund_regionalverband_suedlicher_Oberrhein,2,BUND-Regionalverband-Suedlicher Oberrhein,NA,NA,NA,NA,NA,NA,NA,NA,NA,Verband,regional,Natur
org_tras,2,Atomschutzverein TRAS,NA,NA,NA,NA,NA,NA,NA,NA,NA,Verein,international,Natur
org_kreistag_emmendingen,2,Kreistag des Landkreises Emmendingen,NA,NA,NA,NA,NA,NA,NA,NA,NA,Politik,regional,Politik
org_seehaus_leonberg,2,Seehaus Leonberg,NA,NA,NA,NA,NA,NA,NA,NA,NA,Hilfsorganisation,regional,Zivilgesellschaft
org_hpffnungstraeger_stiftung,2,Hoffnungstraeger Stiftung,NA,NA,NA,NA,NA,NA,NA,NA,NA,Stiftung,international,Zivilgesellschaft
org_harrys_bude,2,Harry´s Bude,NA,NA,NA,NA,NA,NA,NA,NA,NA,Hilfsorganisation,lokal,Zivilgesellschaft
org_gay_gray,2,Gay and Gray,NA,NA,NA,NA,NA,NA,NA,NA,NA,Verein,regional,Zivilgesellschaft
org_queer_zentrum_mannheim,2,Queer Zentrum Mannheim,NA,NA,NA,NA,NA,NA,NA,NA,NA,Verein,lokal,Zivilgesellschaft
org_grundgesetz_fuer_alle,2,Grundgesetz fuer alle,NA,NA,NA,NA,NA,NA,NA,NA,NA,Initiative,national,Zivilgesellschaft
org_bundestag,2,Deutscher Bundestag,NA,NA,NA,NA,NA,NA,NA,NA,NA,Politik,national,Politik
org_werner_weinmann_stiftung,2,Werner-Weinmann-Stiftung,NA,NA,NA,NA,NA,NA,NA,NA,NA,Stiftung,national,Zivilgesellschaft
org_bundesministerium_verteidigung,2,Bundesministerium der Verteidigung,NA,NA,NA,NA,NA,NA,NA,NA,NA,Politik,international,Politik
org_erster_fc_heidenheim,2,1. FC Heidenheim,NA,NA,NA,NA,NA,NA,NA,NA,NA,Verein,regional,Sport
org_dfb,2,Deutscher Fußball Bund,NA,NA,NA,NA,NA,NA,NA,NA,NA,Verband,national,Sport
org_hochschule_karlsruhe,2,Hoschschule Karlsruhe,NA,NA,NA,NA,NA,NA,NA,NA,NA,Hochschule,regional,Kultur
org_elisabeth_speidel_fonds,2,Elisabeth-Speidel-Fonds,NA,NA,NA,NA,NA,NA,NA,NA,NA,Stiftung,national,Kultur
org_opfereinsatz_auch_im_ruhestand,2,Opfereinsatz auch im Ruhestand,NA,NA,NA,NA,NA,NA,NA,NA,NA,Initiative,national,Zivilgesellschaft
org_agus_selbsthilfegruppe,2,AGUS-Selbsthilfegruppe,NA,NA,NA,NA,NA,NA,NA,NA,NA,Hilfsorganisation,lokal,Gesundheit
org_ev_hochschule_ludwigsburg,2,Evangelische Hoschschule Ludwigsburg,NA,NA,NA,NA,NA,NA,NA,NA,NA,Hochschule,lokal,Bildung
org_schuldnerberatung_tuebingen,2,Schuldnerberatung Tuebingen,NA,NA,NA,NA,NA,NA,NA,NA,NA,Behoerde,regional,Zivilgesellschaft
org_dornahof_und_erlacher_hoehe,2,Dornahof und Erlacher Hoehe,NA,NA,NA,NA,NA,NA,NA,NA,NA,Diakonie,regional,Zivilgesellschaft
org_ev_bundesfachverband_existenzsicherung_teilhabe,2,Evangelischer Bundesfachverband Existenzsicherung und Teilhabe,NA,NA,NA,NA,NA,NA,NA,NA,NA,Verband,national,Zivilgesellschaft
org_drf_stiftung,2,DRF Stiftung Luftrettung gemeinnuetzige AG,NA,NA,NA,NA,NA,NA,NA,NA,NA,Stiftung,national,Zivilgesellschaft
org_dac_stuttgart,2,Deutsch-Amerikanisches Zentrum Stuttgart,NA,NA,NA,NA,NA,NA,NA,NA,NA,Verein,regional,Zivilgesellschaft
org_ev_kirche_baden,2,Evangelische Landeskirche Baden,NA,NA,NA,NA,NA,NA,NA,NA,NA,Behoerde,regional,Zivilgesellschaft
org_linden_museum,2,Linden-Museum Stuttgart,NA,NA,NA,NA,NA,NA,NA,NA,NA,Museum,regional,Kultur
org_weisser_ring_bw,2,Weißer Ring Landesverband BW,NA,NA,NA,NA,NA,NA,NA,NA,NA,Verein,regional,Zivilgesellschaft
org_badisches_landesmuseum,2,Badisches Landesmuseum Karlsruhe,NA,NA,NA,NA,NA,NA,NA,NA,NA,Museum,regional,Kultur
org_dt_museumsbund,2,Deutscher Museumsbund,NA,NA,NA,NA,NA,NA,NA,NA,NA,Verband,national,Kultur
org_wiss_forum_migration,2,Wissenschaftsforum Migration und Integration BW,NA,NA,NA,NA,NA,NA,NA,NA,NA,Initiative,regional,Zivilgesellschaft
org_swr_international,2,SWR International,NA,NA,NA,NA,NA,NA,NA,NA,NA,Medien,regional,Medien
org_ifa,2,Institut fuer Auslandsbeziehungen,NA,NA,NA,NA,NA,NA,NA,NA,NA,Forschungseinrichtung,national,Zivilgesellschaft
org_dgvn_bw,2,Deutsche Gesellschaft fuer die Vereinten Nationen BW,NA,NA,NA,NA,NA,NA,NA,NA,NA,Verein,regional,Zivilgesellschaft
org_rat_migration,2,Rat fuer Migration,NA,NA,NA,NA,NA,NA,NA,NA,NA,Initiative,national,Zivilgesellschaft
org_forum_kulturen_s,2,Forum der Kulturen Stuttgart e.V.,NA,NA,NA,NA,NA,NA,NA,NA,NA,Verein,lokal,Kultur
org_brauerei_haerle,2,Brauerei Haerle,NA,NA,NA,NA,NA,NA,NA,NA,NA,Unternehmen,regional,Wirtschaft
org_geze,2,GEZE GmbH,NA,NA,NA,NA,NA,NA,NA,NA,NA,Unternehmen,national,Wirtschaft
org_rotkreuz_stiftung,2,Rotkreuz Stiftung Stuttgart,NA,NA,NA,NA,NA,NA,NA,NA,NA,Stiftung,regional,Zivilgesellschaft
org_dlrg,2,Deutsche Lebens-Rettungs-Gesellschaft (DLRG),NA,NA,NA,NA,NA,NA,NA,NA,NA,Verband,national,Zivilgesellschaft
org_thw_jugend,2,THW-Jugend,NA,NA,NA,NA,NA,NA,NA,NA,NA,Verein,national,Zivilgesellschaft
org_haus_geschichte_bw,2,Haus der Geschichte Baden-Wuerttemberg,NA,NA,NA,NA,NA,NA,NA,NA,NA,Museum,regional,Kultur
org_kunstgalerie_leonberg,2,Kunstgalerie Leonberg,NA,NA,NA,NA,NA,NA,NA,NA,NA,Verein,lokal,Kultur
org_literaturhaus_stuttgart,2,Literaturhaus Stuttgart,NA,NA,NA,NA,NA,NA,NA,NA,NA,Kultureinrichtung,lokal,Kultur
org_stiftung_oelgaele,2,Stiftung Olgaele fuer das kranke Kind e.V.,NA,NA,NA,NA,NA,NA,NA,NA,NA,Stiftung,lokal,Zivilgesellschaft
org_blindenwerkstatt_esslingen,2,Blindenwerkstatt Esslingen,NA,NA,NA,NA,NA,NA,NA,NA,NA,Verein,lokal,Zivilgesellschaft
org_narrenzuenfte,2,Vereinigung Schwaebisch-Alemannischer Narrenzuenfte,NA,NA,NA,NA,NA,NA,NA,NA,NA,Verband,regional,Kultur
org_kinderkrebsnachsorge,2,Deutsche Kinderkrebsnachsorge Stiftung,NA,NA,NA,NA,NA,NA,NA,NA,NA,Stiftung,national,Zivilgesellschaft
org_dig_bodensee,2,Deutsch-Israelische Gesellschaft Region Bodensee,NA,NA,NA,NA,NA,NA,NA,NA,NA,Verein,regional,Zivilgesellschaft
org_uni_tuebingen,2,Universitaet Tuebingen,NA,NA,NA,NA,NA,NA,NA,NA,NA,Hochschule,regional,Bildung
org_mpi_intelligente_systeme,2,Max-Planck-Institut fuer Intelligente Systeme Tuebingen,NA,NA,NA,NA,NA,NA,NA,NA,NA,Forschungseinrichtung,national,Wissenschaft
org_cyber_valley,2,Cyber Valley,NA,NA,NA,NA,NA,NA,NA,NA,NA,Initiative,national,Wissenschaft
org_leopoldina,2,Leopoldina – Nationale Akademie der Wissenschaften,NA,NA,NA,NA,NA,NA,NA,NA,NA,Forschungseinrichtung,national,Wissenschaft
org_ep,2,Europaeisches Parlament,NA,NA,NA,NA,NA,NA,NA,NA,NA,Behoerde,international,Politik
org_region_stuttgart,2,Verband Region Stuttgart,NA,NA,NA,NA,NA,NA,NA,NA,NA,Behoerde,regional,Politik
org_foerderverein_dialekte,2,Foerderverein Schwaebischer Dialekte e.V.,NA,NA,NA,NA,NA,NA,NA,NA,NA,Verein,regional,Kultur
org_israelitische_gemeinde_freiburg,2,Israelitische Gemeinde Freiburg,NA,NA,NA,NA,NA,NA,NA,NA,NA,Verein,regional,Zivilgesellschaft
org_deutsches_inst_aerztl_mission,2,Deutsches Institut fuer Ärztliche Mission e.V.,NA,NA,NA,NA,NA,NA,NA,NA,NA,Verein,national,Zivilgesellschaft
org_badischer_sportbund,2,Badischer Sportbund Freiburg e.V.,NA,NA,NA,NA,NA,NA,NA,NA,NA,Verband,regional,Sport
org_foerderverein_krebskranke_kinder,2,Foerderverein krebskranker Kinder e.V.,NA,NA,NA,NA,NA,NA,NA,NA,NA,Verein,regional,Zivilgesellschaft
org_ilse_teipelke_stiftung,2,Ilse Teipelke Stiftung,NA,NA,NA,NA,NA,NA,NA,NA,NA,Stiftung,regional,Kultur
org_stiftung_energie_klima_bw,2,Stiftung Energie und Klimaschutz BW,NA,NA,NA,NA,NA,NA,NA,NA,NA,Stiftung,regional,Natur
org_landratsamt_gp,2,Landratsamt Goeppingen,NA,NA,NA,NA,NA,NA,NA,NA,NA,Behoerde,lokal,Politik
org_mwk_bw,2,Ministerium fuer Wissenschaft und Kunst BW,NA,NA,NA,NA,NA,NA,NA,NA,NA,Behoerde,regional,Politik
org_bmbw,2,Bundesministerium fuer Bildung und Wissenschaft,NA,NA,NA,NA,NA,NA,NA,NA,NA,Behoerde,national,Politik
org_normenkontrollrat_bw,2,Normenkontrollrat der Landesregierung BW,NA,NA,NA,NA,NA,NA,NA,NA,NA,Behoerde,regional,Politik
org_evp_fraktion,2,EVP-Fraktion Europaeisches Parlament,NA,NA,NA,NA,NA,NA,NA,NA,NA,Verband,international,Politik
org_cdu,2,CDU,NA,NA,NA,NA,NA,NA,NA,NA,NA,Partei,national,Politik
org_frauen_union,2,Frauen Union CDU,NA,NA,NA,NA,NA,NA,NA,NA,NA,Verein,national,Politik
org_ackermann_gemeinde,2,Ackermann Gemeinde,NA,NA,NA,NA,NA,NA,NA,NA,NA,Verein,national,Zivilgesellschaft
org_staedte_stuttgart_bruenn,2,Staedtepartnerschaft Stuttgart–Bruenn,NA,NA,NA,NA,NA,NA,NA,NA,NA,Initiative,international,Zivilgesellschaft
org_buergerverein_muehlhausen,2,Buergerverein Stuttgart-Muehlhausen,NA,NA,NA,NA,NA,NA,NA,NA,NA,Verein,lokal,Zivilgesellschaft
org_stuttgarter_zeitung,2,Stuttgarter Zeitung,NA,NA,NA,NA,NA,NA,NA,NA,NA,Medien,regional,Medien
org_buergerforum_leutkirch,2,Buergerforum Leutkirch,NA,NA,NA,NA,NA,NA,NA,NA,NA,Verein,lokal,Zivilgesellschaft
org_initiative_bleiberecht,2,Initiative Bleiberecht durch Arbeit,NA,NA,NA,NA,NA,NA,NA,NA,NA,Initiative,regional,Zivilgesellschaft
org_weisser_ring_bund,2,Weißer Ring Bundesvorstand,NA,NA,NA,NA,NA,NA,NA,NA,NA,Verband,national,Zivilgesellschaft
org_dkms,2,Deutsche Knochenmarkspenderdatei (DKMS),NA,NA,NA,NA,NA,NA,NA,NA,NA,Verein,national,Zivilgesellschaft
org_stadtrat_nuernberg,2,Stadtrat Nuernberg,NA,NA,NA,NA,NA,NA,NA,NA,NA,Behoerde,lokal,Politik
org_buergermeister_stuttgart,2,Stadt Stuttgart (Buergermeisteramt),NA,NA,NA,NA,NA,NA,NA,NA,NA,Behoerde,lokal,Politik
org_dt_numismatische_ges,2,Deutsche Numismatische Gesellschaft,NA,NA,NA,NA,NA,NA,NA,NA,NA,Verein,national,Wissenschaft
org_landesmuseum_wuerttemberg,2,Landesmuseum Wuerttemberg,NA,NA,NA,NA,NA,NA,NA,NA,NA,Museum,regional,Kultur
org_uni_freiburg,2,Universitaet Freiburg,NA,NA,NA,NA,NA,NA,NA,NA,NA,Hochschule,regional,Bildung
org_uni_kampala,2,Universitaet Kampala (Uganda),NA,NA,NA,NA,NA,NA,NA,NA,NA,Hochschule,international,Bildung
org_hospiz_tuebingen,2,Tuebinger Hospiz,NA,NA,NA,NA,NA,NA,NA,NA,NA,Verein,lokal,Zivilgesellschaft
org_israelitische_rg_baden,2,Israelitische Religionsgemeinschaft Baden,NA,NA,NA,NA,NA,NA,NA,NA,NA,Verein,regional,Zivilgesellschaft
org_jued_gemeinde_kreuzlingen,2,Juedische Gemeinde Kreuzlingen,NA,NA,NA,NA,NA,NA,NA,NA,NA,Verein,regional,Zivilgesellschaft
org_narrenschopf,2,Narrenschopf Bad Duerrheim,NA,NA,NA,NA,NA,NA,NA,NA,NA,Museum,regional,Kultur
org_klinik_tannheim,2,Kinderkrebs-Nachsorge-Klinik Tannheim,NA,NA,NA,NA,NA,NA,NA,NA,NA,Unternehmen,regional,Zivilgesellschaft
org_verein_lichtblick_wangen,2,Verein Lichtblick Wangen,NA,NA,NA,NA,NA,NA,NA,NA,NA,Verein,lokal,Zivilgesellschaft
org_vesperkirche_weingarten,2,Vesperkirche Weingarten,NA,NA,NA,NA,NA,NA,NA,NA,NA,Verein,lokal,Zivilgesellschaft
org_gruene,2,Buendnis 90/Die Gruenen,NA,NA,NA,NA,NA,NA,NA,NA,NA,Partei,national,Politik
org_stm_bw,2,Staatsministerium Baden-Wuerttemberg,NA,NA,NA,NA,NA,NA,NA,NA,NA,Behoerde,regional,Politik
org_landes_polizei_bw,2,Landespolizei Baden-Wuerttemberg,NA,NA,NA,NA,NA,NA,NA,NA,NA,Behoerde,regional,Politik
org_wwf_deutschland,2,WWF Deutschland,NA,NA,NA,NA,NA,NA,NA,NA,NA,NGO,international,Natur
org_aktionsgemeinschaft_artenschutz,2,Aktionsgemeinschaft Artenschutz (AGA) e.V.,NA,NA,NA,NA,NA,NA,NA,NA,NA,NGO,national,Natur
org_helga_breuninger_stiftung,2,Helga Breuninger Stiftung,NA,NA,NA,NA,NA,NA,NA,NA,NA,Stiftung,national,Bildung
org_junges_ensemble_stuttgart,2,Junges Ensemble Stuttgart (JES),NA,NA,NA,NA,NA,NA,NA,NA,NA,Bildungseinrichtung,regional,Kultur
org_caritas_international,2,Caritas international,NA,NA,NA,NA,NA,NA,NA,NA,NA,Hilfsorganisation,international,Gesundheit
org_deutscher_caritasverband,2,Deutscher Caritasverband,NA,NA,NA,NA,NA,NA,NA,NA,NA,Verband,national,Zivilgesellschaft
org_schader_stiftung,2,Schader-Stiftung,NA,NA,NA,NA,NA,NA,NA,NA,NA,Stiftung,national,Zivilgesellschaft
org_katholische_uni,2,Katholische Universitaet Eichstaett-Ingolstadt,NA,NA,NA,NA,NA,NA,NA,NA,NA,Hochschule,national,Wissenschaft
org_landesfrauenrat_bw,2,Landesfrauenrat Baden-Wuerttemberg,NA,NA,NA,NA,NA,NA,NA,NA,NA,Verband,national,Landwirtschaft
org_cdu_ravensburg,2,CDU-Fraktion Ravensburg,NA,NA,NA,NA,NA,NA,NA,NA,NA,Partei,regional,Politik
org_landesfrauenrat_wh,2,Landesfrauenrat Wuerttemberg-Hohenzollern,NA,NA,NA,NA,NA,NA,NA,NA,NA,Verband,regional,Landwirtschaft
org_heimat_und_trachtenverein_eisenharz,2,Heimat- und Trachtenverein Eisenharz,NA,NA,NA,NA,NA,NA,NA,NA,NA,Verein,lokal,Kultur
org_kunstmuseum_stuttgart,2,Kunstmuseum Stuttgart,NA,NA,NA,NA,NA,NA,NA,NA,NA,Museum,national,Kultur
org_museum_haus_dix,2,Haus Dix,NA,NA,NA,NA,NA,NA,NA,NA,NA,Museum,regional,Kultur
org_kulturstiftung_laender,2,Kulturstiftung der Laender,NA,NA,NA,NA,NA,NA,NA,NA,NA,Stiftung,national,Kultur
org_adk_ludwigsburg,2,Akademie fuer Darstellende Kunst Baden-Wuerttemberg,NA,NA,NA,NA,NA,NA,NA,NA,NA,Hochschule,national,Wissenschaft
org_kunststiftung_bw,2,Kunststiftung Baden-Wuerttemberg,NA,NA,NA,NA,NA,NA,NA,NA,NA,Stiftung,regional,Kultur
org_landwirtschaftsministerium,2,Ministerium fuer Ernaehrung und Laendlichen Raum,NA,NA,NA,NA,NA,NA,NA,NA,NA,Politik,regional,Politik
org_cdu_fraktion_bw,2,CDU-Landtagsfraktion Baden-Wuerttemberg,NA,NA,NA,NA,NA,NA,NA,NA,NA,Partei,regional,Politik
org_weinbauverband_wuerttemberg,2,Weinbauverband Wuerttemberg,NA,NA,NA,NA,NA,NA,NA,NA,NA,Verband,national,Landwirtschaft
org_deutsches_weininstitut,2,Deutsches Weininstitut,NA,NA,NA,NA,NA,NA,NA,NA,NA,Forschungseinrichtung,international,Landwirtschaft
org_deutsche_musikverbaende,2,Bundesvereinigung Deutscher Musikverbaende e.V.,NA,NA,NA,NA,NA,NA,NA,NA,NA,Verein,national,Kultur
org_spd_neckar_odenwald,2,SPD Kreisverband Neckar-Odenwald,NA,NA,NA,NA,NA,NA,NA,NA,NA,Partei,regional,Politik
org_freiwillige_feuerwehr_schwarzach,2,Freiwillige Feuerwehr Schwarzach,NA,NA,NA,NA,NA,NA,NA,NA,NA,Hilfsorganisation,lokal,Infrastruktur
org_drk_schwarzach,2,DRK-Ortsverein Schwarzach,NA,NA,NA,NA,NA,NA,NA,NA,NA,Hilfsorganisation,lokal,Gesundheit
org_tsv_schwarzach,2,TSV Schwarzach,NA,NA,NA,NA,NA,NA,NA,NA,NA,Verein,lokal,Sport
org_kks_odin_schwarzach,2,Schuetzenverein KKS Odin Schwarzach,NA,NA,NA,NA,NA,NA,NA,NA,NA,Verein,lokal,Sport
org_donum_vitae,2,Donum Vitae e.V.,NA,NA,NA,NA,NA,NA,NA,NA,NA,Verein,regional,Gesundheit
org_elternverein_rottweil,2,Tagesmutter- und Elternverein Rottweil,NA,NA,NA,NA,NA,NA,NA,NA,NA,Verein,lokal,Gesundheit
org_stadtverband_soziales_schramberg,2,Stadtverband Soziales e.V. Schramberg,NA,NA,NA,NA,NA,NA,NA,NA,NA,Verband,lokal,Gesundheit
org_bdkj,2,Bund der Deutschen Katholischen Jugend,NA,NA,NA,NA,NA,NA,NA,NA,NA,Verband,national,Religion
org_verein_synagoge_rexingen,2,Traeger- und Foerderverein Ehemalige Synagoge Rexingen,NA,NA,NA,NA,NA,NA,NA,NA,NA,Verein,lokal,Religion
org_foerderstiftung_betsaal,2,Foerderstiftung Juedischer Betsaal,NA,NA,NA,NA,NA,NA,NA,NA,NA,Stiftung,lokal,Religion
org_gedenkstaettenverbund_gaeu_neckar_alb,2,Gedenkstaettenbund Gaeu-Neckar-Alb,NA,NA,NA,NA,NA,NA,NA,NA,NA,Verband,lokal,Religion
org_schloesser_und_gaerten_bw,2,Staatliche Schloesser und Gaerten Baden-Wuerttemberg,NA,NA,NA,NA,NA,NA,NA,NA,NA,Behoerde,regional,Kultur
org_bachakademie,2,Internationale Bachakedemie Stuttgart,NA,NA,NA,NA,NA,NA,NA,NA,NA,Stiftung,international,Kultur
org_gemeindetag_bw,2,Gemeindetag Baden-Wuerttemberg,NA,NA,NA,NA,NA,NA,NA,NA,NA,Verein,regional,Politik
org_deutscher_gemeindebund,2,Deutscher Staedte- und Gemeindebund,NA,NA,NA,NA,NA,NA,NA,NA,NA,Verband,national,Politik
org_versorgungsverband_bw,2,Versorgungsverband Baden-Wuerttemberg,NA,NA,NA,NA,NA,NA,NA,NA,NA,Verband,regional,Infrastruktur
org_deutsch_griechisch_wissenstransfer,2,Deutsch-griechischer Wissenstransfer,NA,NA,NA,NA,NA,NA,NA,NA,NA,Initiative,international,Politik
org_various_impressions_studio,2,Various Impressions Studio,NA,NA,NA,NA,NA,NA,NA,NA,NA,Verein,lokal,Kultur
org_jugendmusikwerk_baden,2,Jugend-Musik-Werk Baden,NA,NA,NA,NA,NA,NA,NA,NA,NA,Verein,lokal,Kultur
org_fernuni_hagen,2,Fernuniversitaet Hagen,NA,NA,NA,NA,NA,NA,NA,NA,NA,Hochschule,national,Bildung
org_uni_heidelberg,2,Universitaet Heidelberg,NA,NA,NA,NA,NA,NA,NA,NA,NA,Hochschule,national,Bildung
org_unesco_kommission,2,Deutsche UNESCO-Kommission,NA,NA,NA,NA,NA,NA,NA,NA,NA,Initiative,national,Kultur
org_wuppertal_klimainstitut,2,"Wuppertaler Instititut fuer Klima, Umwelt, Energie",NA,NA,NA,NA,NA,NA,NA,NA,NA,Forschungseinrichtung,national,Wissenschaft
org_nachhaltigkeitsbeirat_bw,2,Nachhaltigkeitsbeirat des Landes Baden-Wuerttemberg,NA,NA,NA,NA,NA,NA,NA,NA,NA,Beirat/Kommission,regional,Politik
org_rkh_klinikum_ludwigsburg,2,RKH Klinikum Ludwigsburg,NA,NA,NA,NA,NA,NA,NA,NA,NA,Gesundheitseinrichtung,regional,Gesundheit
org_marienhospital,2,Stuttgarter Marienhospital,NA,NA,NA,NA,NA,NA,NA,NA,NA,Gesundheitseinrichtung,regional,Gesundheit
org_tafelladen_schwaebisch_gmuend,2,Tafelladen Schwaebisch Gmuend,NA,NA,NA,NA,NA,NA,NA,NA,NA,Hilfsorganisation,lokal,Zivilgesellschaft
org_tafellandesverband_bw,2,Tafellandesverband Baden-Wuerttemberg,NA,NA,NA,NA,NA,NA,NA,NA,NA,Hilfsorganisation,regional,Politik
org_ritter_gmbh,2,Alfred Ritter GmbH & Co. KG,NA,NA,NA,NA,NA,NA,NA,NA,NA,Unternehmen,international,Wirtschaft
org_ritter_gruppe,2,Ritter Gruppe,NA,NA,NA,NA,NA,NA,NA,NA,NA,Unternehmen,international,Wirtschaft
org_ritter_solar_gmbh,2,Ritter Solar GmbH & Co. KG,NA,NA,NA,NA,NA,NA,NA,NA,NA,Unternehmen,international,Wirtschaft
org_paradigma,2,Paradigma-Unternehmensgruppe,NA,NA,NA,NA,NA,NA,NA,NA,NA,Unternehmen,international,Wirtschaft
org_aok_bw,2,AOK Baden-Wuerttemberg,NA,NA,NA,NA,NA,NA,NA,NA,NA,Unternehmen,regional,Zivilgesellschaft
org_vdk,2,VDK Deutschland,NA,NA,NA,NA,NA,NA,NA,NA,NA,Verband,national,Zivilgesellschaft
org_landesseniorenrat,2,Landesseniorenrat Baden-Wuerttemberg,NA,NA,NA,NA,NA,NA,NA,NA,NA,Beirat/Kommission,regional,Politik
org_vdk_bw,2,VDK Baden-Wuerttemberg,NA,NA,NA,NA,NA,NA,NA,NA,NA,Verband,regional,Zivilgesellschaft
org_sherpa_nepalhilfe,2,Sherpa Nepalhilfe,NA,NA,NA,NA,NA,NA,NA,NA,NA,Hilfsorganisation,international,Zivilgesellschaft
org_stiftung_sport,2,Stiftung Sport,NA,NA,NA,NA,NA,NA,NA,NA,NA,Stiftung,national,Sport
org_bundesamt_naturschutz,2,Bundesamt fuer Naturschutz,NA,NA,NA,NA,NA,NA,NA,NA,NA,Behoerde,national,Natur
org_insititut_kusterdingen,2,Institut fuer Bienenkunde und Naturschutz,NA,NA,NA,NA,NA,NA,NA,NA,NA,Forschungseinrichtung,national,Wissenschaft
org_arbeiter_samariter_bund_bw,2,Arbeiter-Samariter-Bund Baden-Wuerttemberg,NA,NA,NA,NA,NA,NA,NA,NA,NA,Hilfsorganisation,regional,Zivilgesellschaft
org_foerderverein_sehbehinderter,2,Verein zur Foerderung Sehbehinderter e.V. Waldkirch,NA,NA,NA,NA,NA,NA,NA,NA,NA,Hilfsorganisation,lokal,Zivilgesellschaft
org_spd_landtagsfraktion,2,SPD Landtagsfraktion Baden-Wuerttemberg,NA,NA,NA,NA,NA,NA,NA,NA,NA,Partei,regional,Politik
org_stiftungsrat_philharmonie,2,Stiftungsrat der Wuerttembergischen Philharmonie Reutlingen,NA,NA,NA,NA,NA,NA,NA,NA,NA,Beirat/Kommission,regional,Kultur
org_fairenergie_reutlingen,2,FairEnergie Reutlingen,NA,NA,NA,NA,NA,NA,NA,NA,NA,Unternehmen,regional,Infrastruktur
org_staedtetag_bw,2,Staedtetag Baden-Wuerttemberg,NA,NA,NA,NA,NA,NA,NA,NA,NA,Verband,regional,Politik
org_regionalverband_neckar_alb,2,Regionalverband der Region Neckar-Alb,NA,NA,NA,NA,NA,NA,NA,NA,NA,Verband,regional,Politik
org_kreissparkasse_badmergentheim,2,Kreissparkasse Bad Mergentheim,NA,NA,NA,NA,NA,NA,NA,NA,NA,Unternehmen,lokal,Wirtschaft
org_kitzberg_klinik,2,Kitzberg-Klinik Bad Mergentheim,NA,NA,NA,NA,NA,NA,NA,NA,NA,Gesundheitseinrichtung,regional,Gesundheit
org_drk_bw,2,Deutsches Rotes Kreuz Baden-Wuerttemberg,NA,NA,NA,NA,NA,NA,NA,NA,NA,Hilfsorganisation,regional,Gesundheit
org_stiftung_lebenshilfe,2,Stiftung Lebenshilfe,NA,NA,NA,NA,NA,NA,NA,NA,NA,Hilfsorganisation,national,Gesundheit
org_drk_mergentheim,2,DRK-Kreisverband Bad Mergentheim,NA,NA,NA,NA,NA,NA,NA,NA,NA,Hilfsorganisation,lokal,Gesundheit
org_stiftung_fechtsport,2,Stiftung Fechtsport Tauberbischofsheim,NA,NA,NA,NA,NA,NA,NA,NA,NA,Stiftung,regional,Sport
org_stadtkirche_weikersheim,2,Freundeskreis der Stadtkirche Weikersheim,NA,NA,NA,NA,NA,NA,NA,NA,NA,Verein,lokal,Religion
org_jeunesses_musicales,2,Jeunesses Musicales Deutschland,NA,NA,NA,NA,NA,NA,NA,NA,NA,Verein,national,Kultur
org_spd,2,SPD,NA,NA,NA,NA,NA,NA,NA,NA,NA,Partei,national,Politik
org_auswaertiges_amt,2,Auswaertige Amt,NA,NA,NA,NA,NA,NA,NA,NA,NA,Politik,international,Politik
org_bundesregierung,2,Deutsche Bundesregierung,NA,NA,NA,NA,NA,NA,NA,NA,NA,Politik,international,Politik
org_spd_bundestagsfraktion,2,SPD-Bundestagsfraktion,NA,NA,NA,NA,NA,NA,NA,NA,NA,Partei,national,Politik
org_eln,2,European Leadership Network,NA,NA,NA,NA,NA,NA,NA,NA,NA,NGO,international,Politik
org_stiftung_preussischer_kulturbesitz,2,Stiftung Preußischer Kulturbesitz,NA,NA,NA,NA,NA,NA,NA,NA,NA,Stiftung,national,Kultur
org_stiftung_historische_museen,2,Stiftung Historische Museen Hamburg,NA,NA,NA,NA,NA,NA,NA,NA,NA,Stiftung,national,Kultur
org_inselbrauerei_feierling,2,Inselbrauerei Feierling,NA,NA,NA,NA,NA,NA,NA,NA,NA,Unternehmen,regional,Wirtschaft
org_verband_unternehmerinnen,2,Verband deutscher Unternehmerinnen,NA,NA,NA,NA,NA,NA,NA,NA,NA,Verband,national,Politik
org_prestel_stiftung,2,Prestel Stiftung,NA,NA,NA,NA,NA,NA,NA,NA,NA,Stiftung,national,Wirtschaft
org_slowbrewing,2,Slow Brewing,NA,NA,NA,NA,NA,NA,NA,NA,NA,Initiative,national,Wirtschaft
org_gastliches_freiburg,2,Gastliches Freiburg,NA,NA,NA,NA,NA,NA,NA,NA,NA,Verein,regional,Kultur
org_zeugen_der_zeitzeugen,2,Zeugen der Zeitzeugen e.V.,NA,NA,NA,NA,NA,NA,NA,NA,NA,Verein,national,Kultur
org_der_spiegel,2,Der Spiegel,NA,NA,NA,NA,NA,NA,NA,NA,NA,Medien,national,Medien
org_wdr,2,WDR,NA,NA,NA,NA,NA,NA,NA,NA,NA,Medien,national,Medien
org_ard,2,ARD,NA,NA,NA,NA,NA,NA,NA,NA,NA,Medien,national,Medien
org_vertriebene_frauen,2,Arbeitsgemeinschaft der heimatvertriebenen Frauen,NA,NA,NA,NA,NA,NA,NA,NA,NA,Verband,national,Zivilgesellschaft
org_bund_der_vertriebenen,2,Bund der Vertriebenen,NA,NA,NA,NA,NA,NA,NA,NA,NA,Verband,national,Zivilgesellschaft
org_landsmannschaft_ostpreussen_bw,2,Landsmannschaft Ostpreußen Baden-Wuerttemberg,NA,NA,NA,NA,NA,NA,NA,NA,NA,Verein,regional,Zivilgesellschaft
org_kulturstiftung_vertriebene,2,Kulturstiftung der deutschen Vertriebenen,NA,NA,NA,NA,NA,NA,NA,NA,NA,Stiftung,national,Zivilgesellschaft
org_walldorfkindergarten_fellbach,2,Walldorfkindergarten Fellbach,NA,NA,NA,NA,NA,NA,NA,NA,NA,Bildungseinrichtung,lokal,Bildung
org_foerderkreis_walldorfpaedagogik,2,Foerderkreis Walldorfpaedagogik Fellbach,NA,NA,NA,NA,NA,NA,NA,NA,NA,Verein,lokal,Bildung
org_hgm_stiftung,2,HGM-Stiftung,NA,NA,NA,NA,NA,NA,NA,NA,NA,Stiftung,lokal,Bildung
org_deutsche_bischofskonferenz,2,Deutsche Bischofskonferenz,NA,NA,NA,NA,NA,NA,NA,NA,NA,Verband,national,Religion
org_umweltbeirat_bundesregierung,2,"Wissenschaftlicher Beirat der Bundesregierung ""Globale Umweltveraenderungen""",NA,NA,NA,NA,NA,NA,NA,NA,NA,Beirat/Kommission,national,Politik
org_buergerrat_klima,2,Buergerrat Klima,NA,NA,NA,NA,NA,NA,NA,NA,NA,Verband,national,Politik
org_europaeische_parlament,2,Europaeische Parlament,NA,NA,NA,NA,NA,NA,NA,NA,NA,Politik,international,Politik
org_europa_union,2,Europa Union,NA,NA,NA,NA,NA,NA,NA,NA,NA,Politik,international,Politik
org_gruene_bw,2,Buendnis 90/Die Gruenen Baden-Wuerttemberg,NA,NA,NA,NA,NA,NA,NA,NA,NA,Partei,regional,Politik
org_oberschwaebische_kalender,2,Oberschwaebische Kalender e.V.,NA,NA,NA,NA,NA,NA,NA,NA,NA,Verein,regional,Kultur
org_entomologischer_verein_stuttgart,2,Entomologischer Verein Stuttgart 1869 e.V.,NA,NA,NA,NA,NA,NA,NA,NA,NA,Forschungseinrichtung,lokal,Natur
org_naturkundemuseum_stuttgart,2,Staatliches Museum fuer Naturkunde Stuttgart,NA,NA,NA,NA,NA,NA,NA,NA,NA,Museum,regional,Natur
org_wildbienenzentrum,2,Kompetenzzentrum Wildbienen GmbH,NA,NA,NA,NA,NA,NA,NA,NA,NA,Forschungseinrichtung,international,Natur
org_bw_bank,2,BW-Bank,NA,NA,NA,NA,NA,NA,NA,NA,NA,Unternehmen,national,Wirtschaft
org_brauerei_rothaus,2,Badische Staatsbrauerei Rothaus,NA,NA,NA,NA,NA,NA,NA,NA,NA,Unternehmen,national,Wirtschaft
org_landeskreditbank,2,Landeskreditbank,NA,NA,NA,NA,NA,NA,NA,NA,NA,Unternehmen,national,Wirtschaft
org_schwetzinger_festspiele,2,Schwetzinger SWR Festspiele,NA,NA,NA,NA,NA,NA,NA,NA,NA,Medien,regional,Kultur
org_lbbw,2,LBBW,NA,NA,NA,NA,NA,NA,NA,NA,NA,Unternehmen,national,Wirtschaft
org_lbank,2,L-Bank,NA,NA,NA,NA,NA,NA,NA,NA,NA,Unternehmen,national,Wirtschaft
org_enbw,2,EnBW,NA,NA,NA,NA,NA,NA,NA,NA,NA,Unternehmen,national,Wirtschaft
org_zew,2,Zentrum fuer Europaeische Wirtschaftsforschung,NA,NA,NA,NA,NA,NA,NA,NA,NA,Forschungseinrichtung,international,Wissenschaft
org_dm,2,dm-drogerie markt,NA,NA,NA,NA,NA,NA,NA,NA,NA,Unternehmen,international,Wirtschaft
org_gls_bank,2,GLS Bank,NA,NA,NA,NA,NA,NA,NA,NA,NA,Unternehmen,national,Wirtschaft
org_wittenstein,2,Wittenstein SE,NA,NA,NA,NA,NA,NA,NA,NA,NA,Unternehmen,international,Wirtschaft
org_wittenstein_stiftung,2,Dr. Anna-Katharina Wittenstein-Stiftung,NA,NA,NA,NA,NA,NA,NA,NA,NA,Stiftung,national,Bildung
org_heimatverein_haltern,2,Verein fuer Altertumskunde und Heimatpflege Haltern am See e.V.,NA,NA,NA,NA,NA,NA,NA,NA,NA,Verein,lokal,Kultur
org_st_gerhard_schule,2,St. Gerhard Schule,NA,NA,NA,NA,NA,NA,NA,NA,NA,Bildungseinrichtung,lokal,Bildung
org_stuetzles_halb_stompers,2,Stuetzles Halbe Stompers,NA,NA,NA,NA,NA,NA,NA,NA,NA,Verband,lokal,Kultur
org_vogelwarte_radolfzell,2,Vogelwarte Radolfzell,NA,NA,NA,NA,NA,NA,NA,NA,NA,Forschungseinrichtung,lokal,Natur
org_kirchengemeinde_riedlingen,2,Kirchengemeine St. Georg Riedlingen,NA,NA,NA,NA,NA,NA,NA,NA,NA,NGO,lokal,Religion
org_albert_burkart_stiftung,2,Albert-Burkart-Stiftung,NA,NA,NA,NA,NA,NA,NA,NA,NA,Stiftung,lokal,Kultur
org_museum_schoene_stiege,2,Museum Schoene Stiege Riedlingen,NA,NA,NA,NA,NA,NA,NA,NA,NA,Museum,lokal,Kultur
org_staedtische_galerie_riedlingen,2,Staedtische Galerie im Spital zum Heiligen Geist,NA,NA,NA,NA,NA,NA,NA,NA,NA,Museum,lokal,Kultur
org_uniklinik_essen,2,Universitaetsklinikum Essen,NA,NA,NA,NA,NA,NA,NA,NA,NA,Gesundheitseinrichtung,regional,Gesundheit
org_uniklinik_tuebingen,2,Universitaetsklinikum Tuebingen,NA,NA,NA,NA,NA,NA,NA,NA,NA,Gesundheitseinrichtung,regional,Gesundheit
org_degro,2,Deutsche Gesellschaft fuer Radioonkologie e.V.,NA,NA,NA,NA,NA,NA,NA,NA,NA,Verein,national,Wissenschaft
org_vud,2,Verband der Universitaetsklinika Deutschlands,NA,NA,NA,NA,NA,NA,NA,NA,NA,Verband,national,Wissenschaft
org_krebsverband_bw,2,Krebsverband Baden-Wuerttemberg e. V.,NA,NA,NA,NA,NA,NA,NA,NA,NA,Verband,regional,Gesundheit
org_deutsche_krebshilfe,2,Stiftung Deutsche Krebshilfe,NA,NA,NA,NA,NA,NA,NA,NA,NA,Stiftung,national,Gesundheit
org_akademie_leopoldina,2,Deutsche Akademie der Naturforscher Leopoldina e. V.,NA,NA,NA,NA,NA,NA,NA,NA,NA,Bildungseinrichtung,national,Gesundheit
org_deutsche_krebsgesellschaft,2,Deutsche Krebsgesellschaft e. V.,NA,NA,NA,NA,NA,NA,NA,NA,NA,Verein,national,Gesundheit
org_deutsche_krebsstiftung,2,Deutsche Krebsstiftung,NA,NA,NA,NA,NA,NA,NA,NA,NA,Stiftung,national,Gesundheit
org_nationaler_krebsplan,2,Nationaler Krebsplan,NA,NA,NA,NA,NA,NA,NA,NA,NA,Initiative,national,Gesundheit
org_landesbeirat_onkologie_bw,2,Landesbeirat Onkologie Baden-Wuerttemberg,NA,NA,NA,NA,NA,NA,NA,NA,NA,Behoerde,regional,Gesundheit
org_mor_gabriel_kirchardt,2,Mor Gabriel Kirchardt e.V.,NA,NA,NA,NA,NA,NA,NA,NA,NA,Verein,regional,Kultur
org_bvdad,2,Bundesverband der Aramaeer in Deutschland,NA,NA,NA,NA,NA,NA,NA,NA,NA,NGO,national,Kultur
org_forum_institut_management,2,FORUM Institut fuer Management GmbH,NA,NA,NA,NA,NA,NA,NA,NA,NA,Unternehmen,national,Wirtschaft
org_christiane_eichenhofer_stiftung,2,Christiane Eichenhofer Stiftung,NA,NA,NA,NA,NA,NA,NA,NA,NA,Stiftung,national,Zivilgesellschaft
org_landgericht_ulm,2,Landgericht Ulm,NA,NA,NA,NA,NA,NA,NA,NA,NA,Behoerde,regional,Politik
org_gemeinderat_ulm,2,Gemeinderat Ulm,NA,NA,NA,NA,NA,NA,NA,NA,NA,Behoerde,regional,Politik
org_stadtwerke_ulm,2,Stadtwerke Ulm,NA,NA,NA,NA,NA,NA,NA,NA,NA,Unternehmen,regional,Infrastruktur
org_bundes_sgk_bw,2,Sozialdemokratische Gemeinschaft fuer Kommunalpolitik e. V. Baden-Wuerttemberg,NA,NA,NA,NA,NA,NA,NA,NA,NA,Verein,national,Politik
org_deutscher_staedtetag,2,Deutscher Staedtetag,NA,NA,NA,NA,NA,NA,NA,NA,NA,Verband,national,Politik
org_doppstadt_partner,2,Rechtsanwaelte Doppstadt + Partner mbB,NA,NA,NA,NA,NA,NA,NA,NA,NA,Unternehmen,regional,Zivilgesellschaft
org_kwamndolwa_sisters,2,Congregation of the Sisters of Our Lady of Usambara,NA,NA,NA,NA,NA,NA,NA,NA,NA,NGO,regional,Religion
org_bosch,2,Robert Bosch GmbH,NA,NA,NA,NA,NA,NA,NA,NA,NA,Unternehmen,international,Wissenschaft
org_hh_senior_advisors,2,H+H Senior Advisors GmbH,NA,NA,NA,NA,NA,NA,NA,NA,NA,Unternehmen,international,Wirtschaft
org_ing_diba,2,ING-DiBa AG,NA,NA,NA,NA,NA,NA,NA,NA,NA,Unternehmen,international,Wirtschaft
org_charlottenklinik,2,Charlottenklinik fuer Augenheilkunde,NA,NA,NA,NA,NA,NA,NA,NA,NA,Gesundheitseinrichtung,regional,Gesundheit
org_jdzb,2,Japanisch-Deutsches Zentrum Berlin,NA,NA,NA,NA,NA,NA,NA,NA,NA,Stiftung,international,Kultur
org_vfus,2,Vereinigung von Freunden der Universitaet Stuttgart e.V.,NA,NA,NA,NA,NA,NA,NA,NA,NA,Verein,regional,Wissenschaft
org_cdu_hohenzollern,2,CDU Wuerttemberg-Hohenzollern,NA,NA,NA,NA,NA,NA,NA,NA,NA,Partei,lokal,Politik
org_cdu_biberach,2,CDU Biberach,NA,NA,NA,NA,NA,NA,NA,NA,NA,Partei,lokal,Politik
org_kreistag_biberach,2,Kreistag Biberach,NA,NA,NA,NA,NA,NA,NA,NA,NA,Behoerde,lokal,Politik
org_evp_ed,2,Fraktion der Europaeischen Volkspartei und Europaeischer Demokraten,NA,NA,NA,NA,NA,NA,NA,NA,NA,Partei,international,Politik
org_stiftung_katholische_freie_schule,2,Stiftung Katholische Freie Schule der Dioezese Rottenburg-Stuttgart,NA,NA,NA,NA,NA,NA,NA,NA,NA,Stiftung,regional,Zivilgesellschaft
org_landfrauen_bw,2,LandFrauenverband Wuerttemberg-Baden e.V,NA,NA,NA,NA,NA,NA,NA,NA,NA,Verband,regional,Landwirtschaft
org_obst_gartenbauverein_biberach,2,Kreisverband der Obst- und Gartenbauvereine im Landkreis Biberach e.V.,NA,NA,NA,NA,NA,NA,NA,NA,NA,Verein,regional,Landwirtschaft
org_verein_schwaebischer_dialekt,2,Foerderverein Schwaebischer Dialekt e.V.,NA,NA,NA,NA,NA,NA,NA,NA,NA,Verein,regional,Kultur
org_stiftung_akademie_schloss_solitude,2,Stiftung Akademie Schloss Solitude,NA,NA,NA,NA,NA,NA,NA,NA,NA,Stiftung,regional,Kultur
org_institut_francais_stuttgart,2,Institut francais Stuttgart,NA,NA,NA,NA,NA,NA,NA,NA,NA,Bildungseinrichtung,international,Kultur
org_weissensee_berlin,2,weißensee kunsthochschule berlin,NA,NA,NA,NA,NA,NA,NA,NA,NA,Hochschule,regional,Kultur
org_rudolf_eberle_stiftung,2,Rudolf-Eberle-Stiftung,NA,NA,NA,NA,NA,NA,NA,NA,NA,Stiftung,regional,Kultur
org_stiftung_kunstmuseum_stuttgart,2,Stiftung Kunstmuseum Stuttgart,NA,NA,NA,NA,NA,NA,NA,NA,NA,Stiftung,regional,Kultur
org_transcultural_exchange,2,TransCultural Exchange,NA,NA,NA,NA,NA,NA,NA,NA,NA,NGO,international,Kultur
org_res_artis,2,Res Artis,NA,NA,NA,NA,NA,NA,NA,NA,NA,Verband,international,Kultur
org_deutsch_franz_kulturrat,2,Deutsch-Franzoesischer Kulturrat,NA,NA,NA,NA,NA,NA,NA,NA,NA,NGO,international,Kultur
org_sc_pfullendorf,2,SC Pfullendorf e.V.,NA,NA,NA,NA,NA,NA,NA,NA,NA,Verein,regional,Sport
org_real_madrid,2,Real Madrid Club de Fútbol,NA,NA,NA,NA,NA,NA,NA,NA,NA,Verein,international,Sport
org_juventus_fc,2,Juventus Football Club,NA,NA,NA,NA,NA,NA,NA,NA,NA,Verein,international,Sport
org_hertha_bsc,2,Hertha BSC,NA,NA,NA,NA,NA,NA,NA,NA,NA,Verein,national,Sport
org_dazn,2,DAZN,NA,NA,NA,NA,NA,NA,NA,NA,NA,Unternehmen,international,Medien
org_khedira_stiftung,2,Sami Khedira Stiftung,NA,NA,NA,NA,NA,NA,NA,NA,NA,Stiftung,regional,Sport
org_uni_bochum,2,Universitaet Bochum,NA,NA,NA,NA,NA,NA,NA,NA,NA,Hochschule,regional,Bildung
org_georgetown_uni,2,Georgetown University,NA,NA,NA,NA,NA,NA,NA,NA,NA,Hochschule,international,Bildung
org_human_rights_project,2,The Human Rights Project,NA,NA,NA,NA,NA,NA,NA,NA,NA,NGO,regional,Zivilgesellschaft
org_michael_balint_klinik,2,Michael-Balint-Klinik,NA,NA,NA,NA,NA,NA,NA,NA,NA,Gesundheitseinrichtung,regional,Gesundheit
org_medclin_ag,2,Mediclin AG,NA,NA,NA,NA,NA,NA,NA,NA,NA,Unternehmen,national,Gesundheit
org_tavt,2,Tuebinger Akademie fuer Verhaltenstherapie,NA,NA,NA,NA,NA,NA,NA,NA,NA,Bildungseinrichtung,regional,Bildung
org_uni_goettingen,2,Universitaet Goettingen,NA,NA,NA,NA,NA,NA,NA,NA,NA,Hochschule,regional,Bildung
org_ipp_uni_duhok,2,Institute for Psychotherapy and Psychotraumatology University of Duhok,NA,NA,NA,NA,NA,NA,NA,NA,NA,Bildungseinrichtung,national,Wissenschaft
org_itg_dhbw,2,Institut fuer Transkulturelle Gesundheitsforschung DHBW,NA,NA,NA,NA,NA,NA,NA,NA,NA,Bildungseinrichtung,regional,Wissenschaft
org_sonderkontingent_jesidinnen,2,Sonderkontingent fuer besonders schutzbeduerftige Frauen und Kinder aus dem Nordirak,NA,NA,NA,NA,NA,NA,NA,NA,NA,Initiative,international,Zivilgesellschaft
org_pharmaplast_copenhagen,2,Pharmaplast Copenhagen,NA,NA,NA,NA,NA,NA,NA,NA,NA,Unternehmen,international,Gesundheit
org_baxter_travenol,2,Baxter-Travenol Europe,NA,NA,NA,NA,NA,NA,NA,NA,NA,Unternehmen,international,Gesundheit
org_revlon_healthcare,2,Revlon Healthcare Group,NA,NA,NA,NA,NA,NA,NA,NA,NA,Unternehmen,international,Gesundheit
org_octapharma,2,Octapharma,NA,NA,NA,NA,NA,NA,NA,NA,NA,Unternehmen,international,Gesundheit
org_ph_karlsruhe,2,PH Karlsruhe,NA,NA,NA,NA,NA,NA,NA,NA,NA,Hochschule,regional,Bildung
org_willy_brandt_realschule,2,Willy-Brandt-Realschule,NA,NA,NA,NA,NA,NA,NA,NA,NA,Bildungseinrichtung,lokal,Bildung
org_gemeinderat_karlsruhe,2,Gemeinderat Karlsruhe,NA,NA,NA,NA,NA,NA,NA,NA,NA,Behoerde,lokal,Politik
org_gew,2,Gewerkschaft Erziehung und Wissenschaft,NA,NA,NA,NA,NA,NA,NA,NA,NA,NGO,national,Politik
org_bund,2,Bund fuer Umwelt und Naturschutz Deutschland e. V.,NA,NA,NA,NA,NA,NA,NA,NA,NA,NGO,national,Natur
org_kuratorium_bpb,2,Kuratorium der bpb,NA,NA,NA,NA,NA,NA,NA,NA,NA,Behoerde,national,Politik
org_lebenshilfe,2,Lebenshilfe,NA,NA,NA,NA,NA,NA,NA,NA,NA,Hilfsorganisation,national,Zivilgesellschaft
org_landesbeirat_tierschutz_bw,2,Landesbeirat Tierschutz Baden-Wuerttemberg,NA,NA,NA,NA,NA,NA,NA,NA,NA,Behoerde,regional,Politik
org_mfg,2,Medien- und Filmgesellschaft Baden-Wuerttemberg,NA,NA,NA,NA,NA,NA,NA,NA,NA,NGO,regional,Medien
org_cicae,2,International Confederation of Art Cinemas,NA,NA,NA,NA,NA,NA,NA,NA,NA,NGO,international,Kultur
org_ndr,2,Norddeutscher Rundfunk NDR,NA,NA,NA,NA,NA,NA,NA,NA,NA,Medien,regional,Medien
org_zdf,2,Zweites Deutsches Fernsehen ZDF,NA,NA,NA,NA,NA,NA,NA,NA,NA,Medien,national,Medien
org_br,2,Bayerischer Rundfunk BR,NA,NA,NA,NA,NA,NA,NA,NA,NA,Medien,regional,Medien
org_bmi,2,Bundesministerium des Innern,NA,NA,NA,NA,NA,NA,NA,NA,NA,Behoerde,national,Politik
org_deutscher_filmpreis,2,Deutscher Filmpreis,NA,NA,NA,NA,NA,NA,NA,NA,NA,Medien,national,Kultur
org_kliniken_schmieder,2,Kliniken Schmieder,NA,NA,NA,NA,NA,NA,NA,NA,NA,Gesundheitseinrichtung,national,Gesundheit
org_lurija_institut,2,Lurija Institut fuer Rehabilitationswissenschaften und Gesundheitsforschung,NA,NA,NA,NA,NA,NA,NA,NA,NA,Forschungseinrichtung,national,Gesundheit
org_uni_konstanz_verein,2,Universitaetsgesellschaft Konstanz e.V.,NA,NA,NA,NA,NA,NA,NA,NA,NA,Verein,lokal,Bildung
org_zentrale_stelle_ludwigsburg,2,Zentrale Stelle der Landesjustizverwaltungen Ludwigsburg,NA,NA,NA,NA,NA,NA,NA,NA,NA,Behoerde,regional,Politik
org_landgericht_stuttgart,2,Landgericht Stuttgart,NA,NA,NA,NA,NA,NA,NA,NA,NA,Behoerde,regional,Politik
org_staatsanwaltschaft_stuttgart,2,Staatsanwaltschaft Stuttgart,NA,NA,NA,NA,NA,NA,NA,NA,NA,Behoerde,regional,Politik
org_lfs_bw,2,Landesfeuerwehrschule Baden-Wuerttemberg,NA,NA,NA,NA,NA,NA,NA,NA,NA,Hilfsorganisation,regional,Zivilgesellschaft
org_innenministerium_bw,2,"Ministerium des Inneren, fuer Digitalisierung und Europa",NA,NA,NA,NA,NA,NA,NA,NA,NA,Behoerde,regional,Politik
org_deutsche_bank,2,Deutsche Bank,NA,NA,NA,NA,NA,NA,NA,NA,NA,Unternehmen,international,Wirtschaft
org_frankfurter_hypothekenbank,2,Frankfurter Hypothekenbank,NA,NA,NA,NA,NA,NA,NA,NA,NA,Unternehmen,national,Wirtschaft
org_deutsche_anlagen_leasing,2,Deutsche Anlagen-Leasing,NA,NA,NA,NA,NA,NA,NA,NA,NA,Unternehmen,national,Wirtschaft
org_bank_gemeinwirtschaft,2,Bank fuer Gemeinwirtschaft,NA,NA,NA,NA,NA,NA,NA,NA,NA,Unternehmen,national,Wirtschaft
org_mm_warburg_co,2,M.M.Warburg & CO,NA,NA,NA,NA,NA,NA,NA,NA,NA,Unternehmen,national,Wirtschaft
org_helaba,2,Landesbank Hessen-Thueringen,NA,NA,NA,NA,NA,NA,NA,NA,NA,Unternehmen,national,Wirtschaft
org_berliner_sparkasse,2,Berliner Sparkasse,NA,NA,NA,NA,NA,NA,NA,NA,NA,Unternehmen,national,Wirtschaft
org_hypo_real_estate_holding,2,Hypo Real Estate Holding GmbH,NA,NA,NA,NA,NA,NA,NA,NA,NA,Unternehmen,national,Wirtschaft
org_commerzbank,2,Commerzbank,NA,NA,NA,NA,NA,NA,NA,NA,NA,Unternehmen,international,Wirtschaft
org_uni_tel_aviv,2,Universitaet Tel Aviv,NA,NA,NA,NA,NA,NA,NA,NA,NA,Hochschule,national,Bildung
org_dhaus,2,Duesseldorfer Schauspielhaus,NA,NA,NA,NA,NA,NA,NA,NA,NA,Kultureinrichtung,regional,Kultur
org_theater_heidelberg,2,Theater & Orchester Heidelberg,NA,NA,NA,NA,NA,NA,NA,NA,NA,Kultureinrichtung,regional,Kultur
org_theater_basel,2,Theater Basel,NA,NA,NA,NA,NA,NA,NA,NA,NA,Kultureinrichtung,regional,Kultur
org_schauspielhaus_hamburg,2,Deutsches SchauSpielHaus Hamburg,NA,NA,NA,NA,NA,NA,NA,NA,NA,Kultureinrichtung,regional,Kultur
org_kammerspiele_muenchen,2,Muenchner Kammerspiele,NA,NA,NA,NA,NA,NA,NA,NA,NA,Kultureinrichtung,regional,Kultur
org_staatsoper_stuttgart,2,Staatsoper Stuttgart,NA,NA,NA,NA,NA,NA,NA,NA,NA,Kultureinrichtung,regional,Kultur
org_schauspielhaus_zuerich,2,Schauspielhaus Zuerich,NA,NA,NA,NA,NA,NA,NA,NA,NA,Kultureinrichtung,regional,Kultur
org_semperoper_duesseldorf,2,Semperoper Duesseldorf,NA,NA,NA,NA,NA,NA,NA,NA,NA,Kultureinrichtung,regional,Kultur
org_schaubuehne_lehniner_platz,2,Schaubuehne am Lehniner Platz,NA,NA,NA,NA,NA,NA,NA,NA,NA,Kultureinrichtung,regional,Kultur
org_adk_berlin,2,Akademie der Kuenste Berlin,NA,NA,NA,NA,NA,NA,NA,NA,NA,Museum,regional,Kultur
org_bayerische_akademie_schoene_kuenste,2,Bayerischen Akademie der Schoenen Kuenste,NA,NA,NA,NA,NA,NA,NA,NA,NA,Verband,regional,Kultur
org_dadk,2,Deutsche Akademie der Darstellenden Kuenste,NA,NA,NA,NA,NA,NA,NA,NA,NA,Verein,national,Kultur
org_dlv,2,Deutscher Landfrauenverband,NA,NA,NA,NA,NA,NA,NA,NA,NA,Verband,national,Landwirtschaft
org_hartman_elektronik,2,Karlheinz Hartmann Elektronic GmbH,NA,NA,NA,NA,NA,NA,NA,NA,NA,Unternehmen,regional,Wirtschaft
org_komede_scheuer,2,Komede-Scheuer-Maeulesmuehle,NA,NA,NA,NA,NA,NA,NA,NA,NA,Kultureinrichtung,regional,Kultur
org_standard_elektrik_lorenz,2,Standard Elektrik Lorenz,NA,NA,NA,NA,NA,NA,NA,NA,NA,Unternehmen,national,Wirtschaft
org_uniao_mogi_fc,2,União Mogi Futebol Clube,NA,NA,NA,NA,NA,NA,NA,NA,NA,Verein,national,Sport
org_se_palmeiras,2,SE Palmeiras,NA,NA,NA,NA,NA,NA,NA,NA,NA,Verein,national,Sport
org_nacional_ac_sao_paulo,2,Nacional AC São Paulo,NA,NA,NA,NA,NA,NA,NA,NA,NA,Verein,national,Sport
org_sv_tuerk_guecue,2,SV Tuerk Guecue Muenchen,NA,NA,NA,NA,NA,NA,NA,NA,NA,Verein,regional,Sport
org_fc_nuernberg,2,FC Nuernberg,NA,NA,NA,NA,NA,NA,NA,NA,NA,Verein,national,Sport
org_ness_network,2,Ness & Network,NA,NA,NA,NA,NA,NA,NA,NA,NA,Unternehmen,international,Sport
org_pro_christ,2,ProChrist,NA,NA,NA,NA,NA,NA,NA,NA,NA,NGO,national,Religion
org_world_vision,2,World Vision,NA,NA,NA,NA,NA,NA,NA,NA,NA,Hilfsorganisation,international,Zivilgesellschaft
org_deutsche_kindersuchthilfe,2,Deutschen KinderSuchthilfe,NA,NA,NA,NA,NA,NA,NA,NA,NA,Hilfsorganisation,national,Zivilgesellschaft
org_vaude,2,Vaude,NA,NA,NA,NA,NA,NA,NA,NA,NA,Unternehmen,international,Wirtschaft
org_uni_hohenheim,2,Universitaet Hohenheim,NA,NA,NA,NA,NA,NA,NA,NA,NA,Bildungseinrichtung,regional,Bildung
org_gemeinwohl_oekonomie,2,Gemeinwohl-Ökonomie,NA,NA,NA,NA,NA,NA,NA,NA,NA,Verein,international,Politik
org_albrecht_von_dewitz_stiftung,2,Albrecht von Dewitz Stiftung,NA,NA,NA,NA,NA,NA,NA,NA,NA,Stiftung,regional,Sport
org_bleiberecht_durch_arbeit,2,Initiative „Bleiberecht durch Arbeit“,NA,NA,NA,NA,NA,NA,NA,NA,NA,Initiative,national,Zivilgesellschaft
org_bnw,2,Bundesverband Nachhaltige Wirtschaft,NA,NA,NA,NA,NA,NA,NA,NA,NA,Verband,national,Politik
org_buendnis_nachhaltige_textilien,2,Buendnis fuer nachhaltige Textilien,NA,NA,NA,NA,NA,NA,NA,NA,NA,Verband,international,Politik
org_european_outdoor_group,2,European Outdoor Group,NA,NA,NA,NA,NA,NA,NA,NA,NA,Verband,international,Wirtschaft
org_dbu,2,Deutsche Bundesstiftung Umwelt,NA,NA,NA,NA,NA,NA,NA,NA,NA,Stiftung,national,Natur
org_bmwe,2,Bundesministerium fuer Wirtschaft und Energie,NA,NA,NA,NA,NA,NA,NA,NA,NA,Behoerde,national,Politik
org_ufz,2,Helmholtz-Zentrum fuer Umweltforschung,NA,NA,NA,NA,NA,NA,NA,NA,NA,Forschungseinrichtung,regional,Wissenschaft
org_aktion_kinderherz,2,Aktion Kinderherzen,NA,NA,NA,NA,NA,NA,NA,NA,NA,Hilfsorganisation,international,Gesundheit
org_suedkurier,2,Suedkurier,NA,NA,NA,NA,NA,NA,NA,NA,NA,Medien,regional,Medien
org_bilbassi,2,Bilbassi e.V.,NA,NA,NA,NA,NA,NA,NA,NA,NA,Verein,international,Gesundheit
org_lmu_muenchen,2,Ludwig-Maximilians-Universitaet Muenchen,NA,NA,NA,NA,NA,NA,NA,NA,NA,Hochschule,regional,Bildung
org_senatskanzlei_hamburg,2,Senatskanzlei Hamburg,NA,NA,NA,NA,NA,NA,NA,NA,NA,Behoerde,regional,Politik
org_konkret,2,konkret,NA,NA,NA,NA,NA,NA,NA,NA,NA,Medien,regional,Medien
org_hamburger_filmbuero,2,Hamburger Filmbuero,NA,NA,NA,NA,NA,NA,NA,NA,NA,NGO,regional,Kultur
org_eu_low_budget_film_forum,2,Europaeische Low Budget Film Forum,NA,NA,NA,NA,NA,NA,NA,NA,NA,NGO,international,Kultur
org_film_fonds_hamburg,2,Film Fonds Hamburg,NA,NA,NA,NA,NA,NA,NA,NA,NA,NGO,regional,Kultur
org_efdo,2,European Film Distribution Office,NA,NA,NA,NA,NA,NA,NA,NA,NA,NGO,international,Kultur
org_filmstiftung_nrw,2,Film- und Medienstiftung NRW,NA,NA,NA,NA,NA,NA,NA,NA,NA,Stiftung,regional,Medien
org_berlinale,2,Internationale Filmfestspiele Berlin,NA,NA,NA,NA,NA,NA,NA,NA,NA,NGO,international,Kultur
org_ifs,2,Internationale Filmschule Koeln,NA,NA,NA,NA,NA,NA,NA,NA,NA,Bildungseinrichtung,regional,Bildung
org_european_film_academy,2,European Film Academy,NA,NA,NA,NA,NA,NA,NA,NA,NA,NGO,international,Kultur
org_ffa,2,Filmfoerderungsanstalt,NA,NA,NA,NA,NA,NA,NA,NA,NA,NGO,national,Kultur
org_european_film_college,2,European Film College,NA,NA,NA,NA,NA,NA,NA,NA,NA,Bildungseinrichtung,national,Kultur
org_wir_helfen_afrika,2,Wir helfen Afrika e. V.,NA,NA,NA,NA,NA,NA,NA,NA,NA,Verein,regional,Zivilgesellschaft
org_active_aid_africa,2,Active Aid in Africa e. V.,NA,NA,NA,NA,NA,NA,NA,NA,NA,Hilfsorganisation,international,Zivilgesellschaft
org_carl_laemmle_produzentenpreis,2,Carl Laemmle Produzentenpreis,NA,NA,NA,NA,NA,NA,NA,NA,NA,Unternehmen,national,Kultur
org_haus_donauschwaben,2,Haus der Donauschwaben Sindelfingen,NA,NA,NA,NA,NA,NA,NA,NA,NA,Kultureinrichtung,regional,Kultur
org_lus_heinsheim,2,Ludwig-Uhland-Schule Heimsheim,NA,NA,NA,NA,NA,NA,NA,NA,NA,Bildungseinrichtung,lokal,Bildung
org_schulamt_pforzheim,2,Staatliches Schulamt Pforzheim,NA,NA,NA,NA,NA,NA,NA,NA,NA,Behoerde,lokal,Politik
org_schulamt_karlsruhe,2,Staatliches Schulamt Karlsruhe,NA,NA,NA,NA,NA,NA,NA,NA,NA,Behoerde,lokal,Politik
org_gew_nordbaden,2,Gewerkschaft Erziehung und Wissenschaft Nordbaden,NA,NA,NA,NA,NA,NA,NA,NA,NA,NGO,regional,Politik
org_kultusministerium_bw,2,Ministerium fuer Kultus BW,NA,NA,NA,NA,NA,NA,NA,NA,NA,Behoerde,regional,Politik
org_ikj_heinsheim,2,Initiative fuer Kinder und Jugendliche e.V.,NA,NA,NA,NA,NA,NA,NA,NA,NA,Initiative,lokal,Zivilgesellschaft
org_gew_bw,2,Gewerkschaft Erziehung und Wissenschaft Baden-Wuerttemberg,NA,NA,NA,NA,NA,NA,NA,NA,NA,NGO,regional,Politik
org_tennisclub_heinsheim,2,Tennisclub Heimsheim,NA,NA,NA,NA,NA,NA,NA,NA,NA,Verein,lokal,Sport
org_pauluskirche_ulm,2,Pauluskirche Ulm,NA,NA,NA,NA,NA,NA,NA,NA,NA,NGO,lokal,Religion
org_vesperkirche_ulm,2,Vesperkirche Ulm,NA,NA,NA,NA,NA,NA,NA,NA,NA,NGO,lokal,Zivilgesellschaft
org_telefonseelsorge_ulm,2,Telefonseelsorge Ulm,NA,NA,NA,NA,NA,NA,NA,NA,NA,Hilfsorganisation,regional,Zivilgesellschaft
org_fluechtlingskreis_ulm,2,Fluechtlingsrat Ulm/Alb-Donau-Kreis e.V.,NA,NA,NA,NA,NA,NA,NA,NA,NA,Verein,regional,Zivilgesellschaft
org_spd_ulm,2,SPD Kreisverband Ulm,NA,NA,NA,NA,NA,NA,NA,NA,NA,Partei,regional,Politik
org_theater_uluem,2,Theater Uluem,NA,NA,NA,NA,NA,NA,NA,NA,NA,Kultureinrichtung,lokal,Kultur
org_schauspielschule_bochum,2,Schauspielschule Bochum,NA,NA,NA,NA,NA,NA,NA,NA,NA,Bildungseinrichtung,regional,Kultur
org_eurosport,2,Eurosport,NA,NA,NA,NA,NA,NA,NA,NA,NA,Medien,international,Medien
org_n_tv,2,n-tv,NA,NA,NA,NA,NA,NA,NA,NA,NA,Medien,national,Medien
org_arche_intensivkinder,2,ARCHE IntensivKinder,NA,NA,NA,NA,NA,NA,NA,NA,NA,Gesundheitseinrichtung,lokal,Gesundheit
org_gemeinsam_mit_afrika,2,Gemeinsam mit Afrika,NA,NA,NA,NA,NA,NA,NA,NA,NA,Hilfsorganisation,international,Zivilgesellschaft
org_stuttgart,2,Landeshauptstadt Stuttgart,NA,NA,NA,NA,NA,NA,NA,NA,NA,Behoerde,regional,Politik
org_familie_in_not,2,Stiftung „Familie in Not“,NA,NA,NA,NA,NA,NA,NA,NA,NA,Stiftung,regional,Zivilgesellschaft
org_stiftung_theodor_heuss_haus,2,Stiftung Bundespraesident-Theodor-Heuss-Haus,NA,NA,NA,NA,NA,NA,NA,NA,NA,Stiftung,regional,Politik
org_theater_rampe,2,Theater Rampe,NA,NA,NA,NA,NA,NA,NA,NA,NA,Kultureinrichtung,lokal,Kultur
org_forum_region_stuttgart,2,Forum Region Stuttgart,NA,NA,NA,NA,NA,NA,NA,NA,NA,Verein,lokal,Politik
org_freundeskreis_uni_tel_aviv,2,Freundeskreis der Universitaet Tel Aviv,NA,NA,NA,NA,NA,NA,NA,NA,NA,Verband,national,Wissenschaft
org_gcjz_stuttgart,2,Gesellschaft fuer Christlich-Juedische Zusammenarbeit Stuttgart,NA,NA,NA,NA,NA,NA,NA,NA,NA,Verein,regional,Zivilgesellschaft
org_abk_karlsruhe,2,Staatliche Akademie der Bildenden Kuenste Karlsruhe,NA,NA,NA,NA,NA,NA,NA,NA,NA,Hochschule,regional,Bildung
org_uni_karlsruhe,2,Universitaet Karlsruhe,NA,NA,NA,NA,NA,NA,NA,NA,NA,Hochschule,regional,Bildung
org_deutscher_kuenstlerbund,2,Deutscher Kuenstlerbund,NA,NA,NA,NA,NA,NA,NA,NA,NA,Verband,national,Kultur
org_kuenstlerbund_bw,2,Kuenstlerbund Baden-Wuerttemberg,NA,NA,NA,NA,NA,NA,NA,NA,NA,Verband,regional,Kultur
org_kunstverein_wilhelmshoehe_ettlingen,2,Kunstverein Wilhelmshoehe Ettlingen,NA,NA,NA,NA,NA,NA,NA,NA,NA,Verein,lokal,Kultur
org_kunstkommission_bw,2,Kunstkommission Baden-Wuerttemberg,NA,NA,NA,NA,NA,NA,NA,NA,NA,Behoerde,regional,Politik
org_copenhagen_business_school,2,Copenhagen Business School,NA,NA,NA,NA,NA,NA,NA,NA,NA,Hochschule,international,Bildung
org_verbraucherkomission_bw,2,Verbraucherkommission Baden-Wuerttemberg,NA,NA,NA,NA,NA,NA,NA,NA,NA,Behoerde,regional,Politik
org_uni_zeppelin,2,Zeppelin Universitaet,NA,NA,NA,NA,NA,NA,NA,NA,NA,Bildungseinrichtung,regional,Bildung
org_bmjv,2,Bundesministerium der Justiz und fuer Verbraucherschutz,NA,NA,NA,NA,NA,NA,NA,NA,NA,Behoerde,national,Politik
org_beirat_nachhaltige_entwicklung_bw,2,Beirat der Landesregierung fuer nachhaltige Entwicklung BW,NA,NA,NA,NA,NA,NA,NA,NA,NA,Behoerde,regional,Politik
org_rat_nachhaltige_entwicklung,2,Rat fuer Nachhaltige Entwicklung,NA,NA,NA,NA,NA,NA,NA,NA,NA,Behoerde,national,Politik
org_ethikkommission_energieversorgung,2,Ethikkommission fuer eine sichere Energieversorgung,NA,NA,NA,NA,NA,NA,NA,NA,NA,Beirat/Kommission,national,Politik
org_stiftung_warentest,2,Stiftung Warentest,NA,NA,NA,NA,NA,NA,NA,NA,NA,NGO,national,Wirtschaft
org_porsche,2,Porsche,NA,NA,NA,NA,NA,NA,NA,NA,NA,Unternehmen,international,Wirtschaft
org_schufa,2,Schufa,NA,NA,NA,NA,NA,NA,NA,NA,NA,Unternehmen,national,Wirtschaft
org_acatech,2,Deutsche Akademie der Technikwissenschaften,NA,NA,NA,NA,NA,NA,NA,NA,NA,Verband,national,Wirtschaft
org_uni_cambridge,2,University of Cambridge,NA,NA,NA,NA,NA,NA,NA,NA,NA,Hochschule,international,Bildung
org_stelle_gleichberechtigung_freiburg,2,Stelle zur Gleichberechtigung der Frau Freiburg,NA,NA,NA,NA,NA,NA,NA,NA,NA,Behoerde,regional,Politik
org_dfr_freiburg,2,Deutscher Frauenring Freiburg,NA,NA,NA,NA,NA,NA,NA,NA,NA,Verein,lokal,Zivilgesellschaft
org_frau_technik_computerschule,2,Frau und Technik Computerschule,NA,NA,NA,NA,NA,NA,NA,NA,NA,Bildungseinrichtung,lokal,Zivilgesellschaft
org_deutscher_frauenring,2,Deutscher Frauenring,NA,NA,NA,NA,NA,NA,NA,NA,NA,Verein,national,Zivilgesellschaft
org_deutscher_frauenrat,2,Deutsche Frauenrat,NA,NA,NA,NA,NA,NA,NA,NA,NA,Verband,national,Politik
org_dfr_breisgau,2,Deutscher Frauenring Breisgau,NA,NA,NA,NA,NA,NA,NA,NA,NA,Verein,regional,Zivilgesellschaft
org_deutschlandradio,2,Deutschlandradio,NA,NA,NA,NA,NA,NA,NA,NA,NA,Medien,national,Medien
org_deutscher_freundeskreis_europaeischer_jugendorchester,2,Deutscher Freundeskreis Europaeischer Jugendorchester,NA,NA,NA,NA,NA,NA,NA,NA,NA,Verein,international,Kultur
org_landesmusikrat_bw,2,Landesmusikrat Baden-Wuerttemberg,NA,NA,NA,NA,NA,NA,NA,NA,NA,Verein,regional,Kultur
org_ihwa,2,Internationale Hugo-Wolf-Akademie,NA,NA,NA,NA,NA,NA,NA,NA,NA,Verein,national,Kultur
org_ifm_koeln,2,Institut fuer Medien- und Kommunikationspolitik,NA,NA,NA,NA,NA,NA,NA,NA,NA,Forschungseinrichtung,regional,Medien
org_welthungerhilfe,2,Deutsche Welthungerhilfe,NA,NA,NA,NA,NA,NA,NA,NA,NA,Hilfsorganisation,international,Zivilgesellschaft
org_msag_bw,2,"Ministerium fuer Soziales, Arbeit und Gesundheit",NA,NA,NA,NA,NA,NA,NA,NA,NA,Behoerde,regional,Politik
org_kinderland_bw,2,Stiftung Kinderland Baden-Wuerttemberg,NA,NA,NA,NA,NA,NA,NA,NA,NA,Stiftung,regional,Bildung
org_veronika_stiftung,2,Veronika-Stiftung,NA,NA,NA,NA,NA,NA,NA,NA,NA,Stiftung,regional,Gesundheit
org_familien_bildungsstaette_ulm,2,Familien-Bildungsstaette Ulm,NA,NA,NA,NA,NA,NA,NA,NA,NA,Verein,regional,Zivilgesellschaft
org_stiftung_singen_kinder,2,Stiftung „Singen mit Kindern“,NA,NA,NA,NA,NA,NA,NA,NA,NA,Stiftung,regional,Kultur
org_zdk,2,Zentralkomitee der deutschen Katholiken,NA,NA,NA,NA,NA,NA,NA,NA,NA,Verein,national,Religion
org_contergannetzwerk_deutschland,2,Contergannetzwerk Deutschland e.V.,NA,NA,NA,NA,NA,NA,NA,NA,NA,Verein,national,Gesundheit
org_contergan_stiftung,2,Contergan Stiftung,NA,NA,NA,NA,NA,NA,NA,NA,NA,Stiftung,national,Zivilgesellschaft
org_netzwerk_behinerung_cdu_bw,2,Netzwerk fuer Menschen mit Behinderungen der CDU Baden-Wuerttemberg,NA,NA,NA,NA,NA,NA,NA,NA,NA,Verband,regional,Zivilgesellschaft
org_maerklin,2,Maerklin,NA,NA,NA,NA,NA,NA,NA,NA,NA,Unternehmen,national,Wirtschaft
org_kaercher,2,Kaercher,NA,NA,NA,NA,NA,NA,NA,NA,NA,Unternehmen,national,Wirtschaft
org_festo,2,Festo,NA,NA,NA,NA,NA,NA,NA,NA,NA,Unternehmen,national,Wirtschaft
org_tum,2,Technische Universitaet Muenchen,NA,NA,NA,NA,NA,NA,NA,NA,NA,Hochschule,regional,Bildung
org_windreich,2,Windreich AG,NA,NA,NA,NA,NA,NA,NA,NA,NA,Unternehmen,national,Wirtschaft
org_40_veit,2,4.0 Veit,NA,NA,NA,NA,NA,NA,NA,NA,NA,Unternehmen,national,Wirtschaft
org_phoenix_contat,2,Phoenix Contact,NA,NA,NA,NA,NA,NA,NA,NA,NA,Unternehmen,international,Wirtschaft
org_bizerba,2,Bizerba,NA,NA,NA,NA,NA,NA,NA,NA,NA,Unternehmen,international,Wirtschaft
org_tuev_sued,2,TueV Sued,NA,NA,NA,NA,NA,NA,NA,NA,NA,Unternehmen,national,Wirtschaft
org_carl_zeiss_ag,2,Carl Zeiss AG,NA,NA,NA,NA,NA,NA,NA,NA,NA,Unternehmen,international,Wirtschaft
org_sick_ag,2,Sick AG,NA,NA,NA,NA,NA,NA,NA,NA,NA,Unternehmen,national,Wirtschaft
org_stifterverband,2,Stifterverband fuer die Deutsche Wissenschaft,NA,NA,NA,NA,NA,NA,NA,NA,NA,Verband,national,Wissenschaft
org_frauenhofer_iao,2,Fraunhofer-Institut fuer Arbeitswirtschaft und Organisation,NA,NA,NA,NA,NA,NA,NA,NA,NA,Forschungseinrichtung,regional,Wissenschaft
org_vdma,2,VDMA,NA,NA,NA,NA,NA,NA,NA,NA,NA,Verband,national,Wirtschaft
org_hannover_messe,2,Hannover Messe,NA,NA,NA,NA,NA,NA,NA,NA,NA,Unternehmen,national,Wirtschaft
org_innovationsrat_bw,2,Innovationsrat Baden-Wuerttemberg,NA,NA,NA,NA,NA,NA,NA,NA,NA,Behoerde,regional,Politik
org_ccfa,2,Centre Culturel Franco-Allemand Karlsruhe,NA,NA,NA,NA,NA,NA,NA,NA,NA,Kultureinrichtung,international,Kultur
org_zf_friedrichshafen,2,ZF Friedrichshafen,NA,NA,NA,NA,NA,NA,NA,NA,NA,Unternehmen,national,Wirtschaft
org_stiftung_wuerth,2,Stiftung Wuerth,NA,NA,NA,NA,NA,NA,NA,NA,NA,Stiftung,regional,Wissenschaft
org_hotel_anne_sophie,2,Hotel-Restaurant Anne-Sophie,NA,NA,NA,NA,NA,NA,NA,NA,NA,Unternehmen,regional,Wirtschaft
org_stiftung_behinderte_sassen,2,Stiftung fuer die Behinderten-Lebensgemeinschaft Sassen,NA,NA,NA,NA,NA,NA,NA,NA,NA,Stiftung,lokal,Zivilgesellschaft
org_ithemba_labantu,2,Gemeindezentrum iThemba Labantu,NA,NA,NA,NA,NA,NA,NA,NA,NA,Kultureinrichtung,lokal,Kultur
org_special_olympics_deutschland,2,Special Olympics Deutschland e.V.,NA,NA,NA,NA,NA,NA,NA,NA,NA,Verein,national,Sport
org_andreas_froehlich_schule,2,Andreas-Froehlich-Schule Krautheim,NA,NA,NA,NA,NA,NA,NA,NA,NA,Bildungseinrichtung,lokal,Bildung
org_bund_bw,2,BUND Baden-Wuerttemberg,NA,NA,NA,NA,NA,NA,NA,NA,NA,Verein,regional,Natur
org_umwelt_vhs_wyhl,2,Umwelt-Volkshochschule Wyhler Wald,NA,NA,NA,NA,NA,NA,NA,NA,NA,Initiative,regional,Bildung
org_lnv_bw,2,Landesnaturschutzverband Baden-Wuerttemberg,NA,NA,NA,NA,NA,NA,NA,NA,NA,Verband,regional,Natur
org_spd_hechingen,2,SPD Ortsverein Hechingen,NA,NA,NA,NA,NA,NA,NA,NA,NA,Partei,lokal,Politik
org_foerderverein_foerderschule_hechingen,2,Foerderverein Foerderschule Hechingen,NA,NA,NA,NA,NA,NA,NA,NA,NA,Verein,lokal,Bildung
org_kulturinitiative_bohnenviertel,2,Kulturinitiative Bohnenviertel e.V.,NA,NA,NA,NA,NA,NA,NA,NA,NA,Verein,lokal,Kultur
org_handicaptions,2,Handicaptions-Festival Stuttgart,NA,NA,NA,NA,NA,NA,NA,NA,NA,Initiative,regional,Kultur
org_kreisdiakonieverbands_rems_murr,2,Kreisdiakonieverband Rems-Murr-Kreis,NA,NA,NA,NA,NA,NA,NA,NA,NA,Verein,regional,Zivilgesellschaft
org_ev_stiftskirche_backnang,2,Ev. Stiftskirchengemeinde Backnang,NA,NA,NA,NA,NA,NA,NA,NA,NA,Verein,lokal,Zivilgesellschaft
org_kinder_jugendhilfe_backnang,2,Kinder- und Jugendhilfe Backnang e.V.,NA,NA,NA,NA,NA,NA,NA,NA,NA,Verein,lokal,Zivilgesellschaft
org_schwaebische_tafel,2,Schwaebische Tafel,NA,NA,NA,NA,NA,NA,NA,NA,NA,Initiative,regional,Zivilgesellschaft
org_sowas,2,Soziales Warenhaus SOWAS Backnang,NA,NA,NA,NA,NA,NA,NA,NA,NA,Verein,lokal,Zivilgesellschaft
org_gemeinderat_backnang,2,Gemeinderat Backnang,NA,NA,NA,NA,NA,NA,NA,NA,NA,Behoerde,lokal,Politik
org_stiftung_lebenszeit,2,Stiftung LebensZeit Rems-Murr-Kreis,NA,NA,NA,NA,NA,NA,NA,NA,NA,Stiftung,regional,Zivilgesellschaft
org_uni_frankfurt,2,Universitaet Frankfurt/Main,NA,NA,NA,NA,NA,NA,NA,NA,NA,Hochschule,national,Bildung
org_uni_bern,2,Universitaet Bern,NA,NA,NA,NA,NA,NA,NA,NA,NA,Hochschule,international,Bildung
org_college_europe,2,Collège d'Europe Bruegge/Natolin,NA,NA,NA,NA,NA,NA,NA,NA,NA,Hochschule,international,Bildung
org_schweizer_nationalrat,2,Schweizer Nationalrat,NA,NA,NA,NA,NA,NA,NA,NA,NA,Behoerde,international,Politik
org_lfvs,2,Landfrauenverband Suedbaden,NA,NA,NA,NA,NA,NA,NA,NA,NA,Verband,regional,Zivilgesellschaft
org_blhv,2,Badischer Landwirtschaftlicher Hauptverband e.V.,NA,NA,NA,NA,NA,NA,NA,NA,NA,Verband,regional,Wirtschaft
org_dlv_landfrauenverband,2,Deutscher LandFrauenverband,NA,NA,NA,NA,NA,NA,NA,NA,NA,Verband,national,Zivilgesellschaft
org_gemeinderat_achern,2,Gemeinderat Achern,NA,NA,NA,NA,NA,NA,NA,NA,NA,Behoerde,lokal,Politik
org_dorfhelferinnenwerk_soelden,2,Dorfhelferinnenwerk Soelden,NA,NA,NA,NA,NA,NA,NA,NA,NA,Verein,regional,Zivilgesellschaft
org_uni_stuttgart,2,Universitaet Stuttgart,NA,NA,NA,NA,NA,NA,NA,NA,NA,Hochschule,regional,Bildung
org_naturparkfuehrer_sw_wald,2,Verein Naturparkfuehrer Schwaebisch-Fraenkischer Wald,NA,NA,NA,NA,NA,NA,NA,NA,NA,Verein,regional,Natur
org_koehlerverein_sw_wald,2,Koehlerverein Schwaebischer Wald e.V.,NA,NA,NA,NA,NA,NA,NA,NA,NA,Verein,regional,Kultur
org_musikverein_pluedhausen,2,Musikverein Gemeindekapelle Pluederhausen,NA,NA,NA,NA,NA,NA,NA,NA,NA,Verein,lokal,Kultur
org_tuerkischer_kulturverein_kw,2,Tuerkischer Kulturverein Kornwestheim,NA,NA,NA,NA,NA,NA,NA,NA,NA,Verein,lokal,Zivilgesellschaft
org_integrationspunkt_kw,2,Projekt Integrationspunkt Kornwestheim,NA,NA,NA,NA,NA,NA,NA,NA,NA,Initiative,lokal,Zivilgesellschaft
org_auslaendertreff_kw,2,Auslaendertreff Kornwestheim,NA,NA,NA,NA,NA,NA,NA,NA,NA,Verein,lokal,Zivilgesellschaft
org_ak_offene_jugendarbeit_kw,2,Arbeitskreis Offene Jugendarbeit Kornwestheim,NA,NA,NA,NA,NA,NA,NA,NA,NA,Initiative,lokal,Zivilgesellschaft
org_vcd_bw,2,Verkehrsclub Deutschland BW,NA,NA,NA,NA,NA,NA,NA,NA,NA,Verband,regional,Zivilgesellschaft
org_fahrgastbeirat_bw,2,Fahrgastbeirat Schienenpersonennahverkehr BW,NA,NA,NA,NA,NA,NA,NA,NA,NA,Behoerde,regional,Politik
org_helmut_nanz_stiftung,2,Helmut-Nanz-Stiftung,NA,NA,NA,NA,NA,NA,NA,NA,NA,Stiftung,regional,Zivilgesellschaft
org_indien_stiftung,2,Indien-Stiftung Stuttgart,NA,NA,NA,NA,NA,NA,NA,NA,NA,Stiftung,national,Zivilgesellschaft
org_dig_indisch_stuttgart,2,Deutsch-Indische Gesellschaft Stuttgart,NA,NA,NA,NA,NA,NA,NA,NA,NA,Verein,regional,Zivilgesellschaft
org_honorarkonsulat_indien_stuttgart,2,Honorarkonsulat Indien Stuttgart,NA,NA,NA,NA,NA,NA,NA,NA,NA,Behoerde,international,Politik
org_initiativkreis_stiftungen_s,2,Initiativkreis Stuttgarter Stiftungen,NA,NA,NA,NA,NA,NA,NA,NA,NA,Initiative,lokal,Zivilgesellschaft
org_drf,2,Deutsche Rettungsflugwacht DRF e.V.,NA,NA,NA,NA,NA,NA,NA,NA,NA,Verein,national,Zivilgesellschaft
org_stuttgarter_kammerorchester,2,Stuttgarter Kammerorchester,NA,NA,NA,NA,NA,NA,NA,NA,NA,Verein,regional,Kultur
org_collegium_iuvenum,2,Collegium Iuvenum Stuttgart,NA,NA,NA,NA,NA,NA,NA,NA,NA,Verein,lokal,Bildung
org_schlossfestspiele_lb,2,Ludwigsburger Schlossfestspiele,NA,NA,NA,NA,NA,NA,NA,NA,NA,Unternehmen,regional,Kultur
org_bachakademie_stuttgart,2,Bachakademie Stuttgart,NA,NA,NA,NA,NA,NA,NA,NA,NA,Verein,regional,Kultur
org_buergerstiftung_stuttgart,2,Buergerstiftung Stuttgart,NA,NA,NA,NA,NA,NA,NA,NA,NA,Stiftung,lokal,Zivilgesellschaft
org_foerderverein_krebskranke_kinder_fr,2,Foerderverein krebskranker Kinder Freiburg e.V.,NA,NA,NA,NA,NA,NA,NA,NA,NA,Verein,regional,Zivilgesellschaft
org_initiative_kinderklinik_fr,2,Initiative fuer unsere Kinder- und Jugendklinik Freiburg,NA,NA,NA,NA,NA,NA,NA,NA,NA,Initiative,lokal,Zivilgesellschaft
org_uni_freiburg_kinderklinik,2,Zentrum fuer Kinder und Jugendmedizin Uni Freiburg,NA,NA,NA,NA,NA,NA,NA,NA,NA,Hochschule,regional,Bildung
org_fonds_heimerziehung,2,Fonds Heimerziehung West,NA,NA,NA,NA,NA,NA,NA,NA,NA,Behoerde,national,Zivilgesellschaft
org_beratungsstelle_heimerziehung_bw,2,Anlauf- und Beratungsstelle Heimerziehung BW,NA,NA,NA,NA,NA,NA,NA,NA,NA,Behoerde,regional,Zivilgesellschaft
org_az_zentrum_boeblingen,2,Arbeiter- und Arbeitslosenzentrum Boeblingen,NA,NA,NA,NA,NA,NA,NA,NA,NA,Verein,lokal,Zivilgesellschaft
org_swr,2,SWR,NA,NA,NA,NA,NA,NA,NA,NA,NA,Medien,regional,Medien
org_cerd,2,Centre européen du résistant déporté CERD,NA,NA,NA,NA,NA,NA,NA,NA,NA,Forschungseinrichtung,international,Wissenschaft
org_vs_bw,2,Verband deutscher Schriftstellerinnen und Schriftsteller VS BW,NA,NA,NA,NA,NA,NA,NA,NA,NA,Verband,regional,Kultur
org_vs_bund,2,Verband deutscher Schriftstellerinnen und Schriftsteller VS Bund,NA,NA,NA,NA,NA,NA,NA,NA,NA,Verband,national,Kultur
org_fairlag,2,Aktionsbuendnis Fairlag,NA,NA,NA,NA,NA,NA,NA,NA,NA,Initiative,national,Kultur
org_worte_gegen_rechts,2,Projekt Worte gegen Rechts,NA,NA,NA,NA,NA,NA,NA,NA,NA,Initiative,national,Zivilgesellschaft
org_mpi_ornithologie,2,Max-Planck-Institut fuer Ornithologie Radolfzell,NA,NA,NA,NA,NA,NA,NA,NA,NA,Forschungseinrichtung,national,Wissenschaft
org_icarus,2,ICARUS International Cooperation for Animal Research Using Space,NA,NA,NA,NA,NA,NA,NA,NA,NA,Initiative,international,Wissenschaft
org_respekt_kampagne,2,Kampagne Respekt! Kein Platz fuer Rassismus,NA,NA,NA,NA,NA,NA,NA,NA,NA,Initiative,national,Zivilgesellschaft
org_fc_liverpool,2,FC Liverpool,NA,NA,NA,NA,NA,NA,NA,NA,NA,Verein,international,Sport
org_vfb,2,VfB Stuttgart,NA,NA,NA,NA,NA,NA,NA,NA,NA,Verein,national,Sport
org_sportler_fuer_den_frieden,2,Sportler fuer den Frieden,NA,NA,NA,NA,NA,NA,NA,NA,NA,Initiative,national,Sport
org_kinderlachen,2,Kinderlachen,NA,NA,NA,NA,NA,NA,NA,NA,NA,Hilfsorganisation,national,Zivilgesellschaft
org_frauen_kinderschutzhaus,2,Frauen- und Kinderschutzhaus,NA,NA,NA,NA,NA,NA,NA,NA,NA,Hilfsorganisation,lokal,Zivilgesellschaft
org_stadtseniorenbeirat,2,Stadtseniorenbeirat Freiburg,NA,NA,NA,NA,NA,NA,NA,NA,NA,Verband,lokal,Zivilgesellschaft
org_gft,2,Gesellschaft duer Technologietransfer GFT,NA,NA,NA,NA,NA,NA,NA,NA,NA,Unternehmen,national,Wirtschaft
org_code_n,2,Code N,NA,NA,NA,NA,NA,NA,NA,NA,NA,Verband,regional,Wirtschaft
org_bitkom,2,Interessenverband Bitkom,NA,NA,NA,NA,NA,NA,NA,NA,NA,Verband,international,Wirtschaft
org_fischer,2,Firma Fischer,NA,NA,NA,NA,NA,NA,NA,NA,NA,Unternehmen,international,Wirtschaft
org_brauerei_goldochsen,2,Brauerei Goldochsen,NA,NA,NA,NA,NA,NA,NA,NA,NA,Unternehmen,regional,Wirtschaft
org_lions_club,2,Lions Club,NA,NA,NA,NA,NA,NA,NA,NA,NA,Verein,international,Zivilgesellschaft
org_aok_bezirksrat,2,AOK Bezirksrat,NA,NA,NA,NA,NA,NA,NA,NA,NA,Beirat/Kommission,regional,Gesundheit
org_universitaetsbund_hohenheim,2,Universitaetsbund Hohenheim,NA,NA,NA,NA,NA,NA,NA,NA,NA,Verband,regional,Bildung
org_ruprecht_karls_universitaet,2,Ruprechts_Karl Universitaet,NA,NA,NA,NA,NA,NA,NA,NA,NA,Hochschule,international,Wissenschaft
org_sdr,2,Sueddeutscher Rundfunk,NA,NA,NA,NA,NA,NA,NA,NA,NA,Unternehmen,regional,Kultur
org_brueckenhaus,2,Brueckenhaus,NA,NA,NA,NA,NA,NA,NA,NA,NA,Verein,regional,Zivilgesellschaft
org_starkes_kirchheim,2,Starkes Kirchheim,NA,NA,NA,NA,NA,NA,NA,NA,NA,Stiftung,lokal,Zivilgesellschaft
org_lapp_gruppe,2,LAPP Gruppe,NA,NA,NA,NA,NA,NA,NA,NA,NA,Unternehmen,international,Wirtschaft
org_muetta_nachbarschaftszentrum_reutlingen_ev,2,Muetter und Nachbarschaftszentrum Reutlingen e.V,NA,NA,NA,NA,NA,NA,NA,NA,NA,Verein,lokal,Zivilgesellschaft
org_zeit_fuer_psyche,2,Zeit fuer Psyche Suedwuerttemberg,NA,NA,NA,NA,NA,NA,NA,NA,NA,Verband,regional,Gesundheit
org_arkade_ev,2,Arkade e.V. ,NA,NA,NA,NA,NA,NA,NA,NA,NA,Verein,regional,Zivilgesellschaft
org_pauline_13_ev,2,Pauline 13 e.V.,NA,NA,NA,NA,NA,NA,NA,NA,NA,Verein,regional,Zivilgesellschaft
org_sprungbrett_ev,2,Sprunbrett e.V.,NA,NA,NA,NA,NA,NA,NA,NA,NA,Verein,regional,Zivilgesellschaft
org_herzkind_ev,2,Herzkind e.V.,NA,NA,NA,NA,NA,NA,NA,NA,NA,Verein,national,Gesundheit
org_das_herzkranke_kind_ev,2,Das Herzkranke Kind e.V.,NA,NA,NA,NA,NA,NA,NA,NA,NA,Verein,national,Gesundheit
org_kindernetzwerk_ev,2,Kindernetzwerk e.V.,NA,NA,NA,NA,NA,NA,NA,NA,NA,Verein,national,Gesundheit
org_heinrich_boell_stiftung,2,Heinrich Boell Stiftung,NA,NA,NA,NA,NA,NA,NA,NA,NA,Stiftung,national,Zivilgesellschaft
org_daimler_ag,2,Daimler AG,NA,NA,NA,NA,NA,NA,NA,NA,NA,Unternehmen,international,Wirtschaft
org_landkreistag_bw,2,Landkreistag Baden Wuerttemberg,NA,NA,NA,NA,NA,NA,NA,NA,NA,Politik,regional,Politik
org_deutsch_israelische_gesell_stuttgart,2,Deutsch-Israelische Gesellschaft Stuttgart,NA,NA,NA,NA,NA,NA,NA,NA,NA,Kultureinrichtung,international,Religion
org_in_via,2,In Via,NA,NA,NA,NA,NA,NA,NA,NA,NA,Verein,regional,Zivilgesellschaft